ID,Name,Description,Media_Type,Download_URL,Path_In_Zip
10008,,Uralic: Dryer 2005,text/plain,trees/10008.nex,
10012,,Dravidian: Dryer 2005,text/plain,trees/10012.nex,
10014,,Altaic: Dryer 2005,text/plain,trees/10014.nex,
10016,,Jukagirisch und Uralisch: Collinder 1940,text/plain,trees/10016.nex,
10017,,Nilo-Saharan: Dryer 2005,text/plain,trees/10017.nex,
10022,,Eskimo Aleut: Goddard 1996,text/plain,trees/10022.nex,
10023,,Eskimo-Aleut: Mithun 1999,text/plain,trees/10023.nex,
10057,,Nilo-Saharan: Ruhlen 1991,text/plain,trees/10057.nex,
10061,,Eskimo-Aleut: Campbell 1997,text/plain,trees/10061.nex,
10074,,Samojedische Sprachen: Castrén 1966,text/plain,trees/10074.nex,
10081,,Eskimo-Aleut: Greenberg 1987,text/plain,trees/10081.nex,
10205,,Peba-Yaguan: Ethnologue 2005,text/plain,trees/10205.nex,
10206,,Amto-Musan: Ethnologue 2005,text/plain,trees/10206.nex,
10210,,Bayono-Awbono: Ethnologue 2005,text/plain,trees/10210.nex,
10211,,East Bird's Head: Ethnologue 2005,text/plain,trees/10211.nex,
10214,,Kwomtari-Baibai: Ethnologue 2005,text/plain,trees/10214.nex,
10215,,Left May: Ethnologue 2005,text/plain,trees/10215.nex,
10217,,Misumalpan: Ethnologue 2005,text/plain,trees/10217.nex,
10218,,Mixe-Zoque: Ethnologue 2005,text/plain,trees/10218.nex,
10219,,Mura: Ethnologue 2005,text/plain,trees/10219.nex,
10220,,Muskogean: Ethnologue 2005,text/plain,trees/10220.nex,
10221,,Nambiquaran: Ethnologue 2005,text/plain,trees/10221.nex,
10225,,Quechuan: Ethnologue 2005,text/plain,trees/10225.nex,
10227,,Salivan: Ethnologue 2005,text/plain,trees/10227.nex,
10229,,Siouan: Ethnologue 2005,text/plain,trees/10229.nex,
10230,,Sko: Ethnologue 2005,text/plain,trees/10230.nex,
10233,,Torricelli: Ethnologue 2005,text/plain,trees/10233.nex,
10235,,Algic: Ethnologue 2005,text/plain,trees/10235.nex,
10242,,Aymaran: Ethnologue 2005,text/plain,trees/10242.nex,
10243,,Barbacoan: Ethnologue 2005,text/plain,trees/10243.nex,
10244,,Basque: Ethnologue 2005,text/plain,trees/10244.nex,
10245,,Cahuapanan: Ethnologue 2005,text/plain,trees/10245.nex,
10246,,Choco: Ethnologue 2005,text/plain,trees/10246.nex,
10247,,Chukchi-Kamchatkan: Ethnologue 2005,text/plain,trees/10247.nex,
10248,,Harakmbet: Ethnologue 2005,text/plain,trees/10248.nex,
10250,,Katukinan: Ethnologue 2005,text/plain,trees/10250.nex,
10259,,West Papuan: Ethnologue 2005,text/plain,trees/10259.nex,
10267,,Eskimo-Aleut: Ethnologue 2005,text/plain,trees/10267.nex,
10268,,Eskimo-Aleut: Krauss 1976,text/plain,trees/10268.nex,
10269,,Eskimo-Aleut: Krauss 1979,text/plain,trees/10269.nex,
10271,,Hmong-Mien: Ethnologue 2005,text/plain,trees/10271.nex,
10311,,Tacanan: Ethnologue 2005,text/plain,trees/10311.nex,
10313,,Totonacan: Ethnologue 2005,text/plain,trees/10313.nex,
10322,,Tucanoan: Ethnologue 2005,text/plain,trees/10322.nex,
10326,,Tupi: Ethnologue 2005,text/plain,trees/10326.nex,
10328,,Uru-Chipaya: Ethnologue 2005,text/plain,trees/10328.nex,
10331,,Uto-Aztecan: Ethnologue 2005,text/plain,trees/10331.nex,
10333,,Wakashan: Ethnologue 2005,text/plain,trees/10333.nex,
10336,,Witotoan: Ethnologue 2005,text/plain,trees/10336.nex,
10340,,Guahiban: Ethnologue 2005,text/plain,trees/10340.nex,
10341,,Chon: Ethnologue 2005,text/plain,trees/10341.nex,
10342,,Chapacura-Wanham: Ethnologue 2005,text/plain,trees/10342.nex,
10344,,Austronesian: Benedict 1983,text/plain,trees/10344.nex,
10348,,Zamucoan: Ethnologue 2005,text/plain,trees/10348.nex,
10349,,Kartvelian: Ethnologue 2005,text/plain,trees/10349.nex,
10352,,Zaparoan: Ethnologue 2005,text/plain,trees/10352.nex,
10353,,Caddoan: Ethnologue 2005,text/plain,trees/10353.nex,
10354,,Austronesian: Blust 1978,text/plain,trees/10354.nex,
10355,,Gulf: Ethnologue 2005,text/plain,trees/10355.nex,
10357,,Chumash: Ethnologue 2005,text/plain,trees/10357.nex,
10360,,Japanese: Ethnologue 2005,text/plain,trees/10360.nex,
10361,,Jivaroan: Ethnologue 2005,text/plain,trees/10361.nex,
10362,,Mascoian: Ethnologue 2005,text/plain,trees/10362.nex,
10365,,Austronesian: Haudricourt 1962,text/plain,trees/10365.nex,
10370,,Austronesian: Ruhlen 1991,text/plain,trees/10370.nex,
10381,,Amto-Musan: Composite 2008,text/plain,trees/10381.nex,
10382,,Andamanese: Ethnologue 2005,text/plain,trees/10382.nex,
10383,,Andamanese: Composite 2008,text/plain,trees/10383.nex,
10384,,Nilo-Saharan: Ethnologue 2005,text/plain,trees/10384.nex,
10392,,Basque: Composite,text/plain,trees/10392.nex,
10393,,Bayono-Awbono: Composite 2008,text/plain,trees/10393.nex,
10408,,Gulf: Composite 2008,text/plain,trees/10408.nex,
10412,,Eleman: Dryer 2005,text/plain,trees/10412.nex,
10416,,Baining-Taulil: Dryer 2005,text/plain,trees/10416.nex,
10418,,Afro-Asiatic: Dryer 2005,text/plain,trees/10418.nex,
10422,,East Bird's Head: Composite 2008,text/plain,trees/10422.nex,
10426,,Niger-Congo: Dryer 2005,text/plain,trees/10426.nex,
10428,,Border: Dryer 2005,text/plain,trees/10428.nex,
10434,,Hmong-Mien: Dryer 2005,text/plain,trees/10434.nex,
10442,,Kwomtari-Baibai: Composite 2008,text/plain,trees/10442.nex,
10444,,Left May: Composite 2008,text/plain,trees/10444.nex,
10454,,Basque: Dryer 2005,text/plain,trees/10454.nex,
10457,,Andamanese: Dryer 2005,text/plain,trees/10457.nex,
10471,,Sepik: Dryer 2005,text/plain,trees/10471.nex,
10486,,Tai-Kadai: Dryer 2005,text/plain,trees/10486.nex,
10487,,Marind: Dryer 2005,text/plain,trees/10487.nex,
10506,,Salivan: Composite 2008,text/plain,trees/10506.nex,
10523,,West Papuan: Composite,text/plain,trees/10523.nex,
10529,,Yeniseian: Ethnologue 2005,text/plain,trees/10529.nex,
10542,,Austronesian: Reid 1981,text/plain,trees/10542.nex,
10547,,Austronesian: Dahl 1973,text/plain,trees/10547.nex,
10552,,Algic: Dryer 2005,text/plain,trees/10552.nex,
10555,,Cariban: Dryer 2005,text/plain,trees/10555.nex,
10558,,Eskimo-Aleut: Dryer 2005,text/plain,trees/10558.nex,
10573,,Salishan: Dryer 2005,text/plain,trees/10573.nex,
10576,,Wakashan: Dryer 2005,text/plain,trees/10576.nex,
10595,,Austronesian: Dryer 2005,text/plain,trees/10595.nex,
10613,,Barbacoan: Dryer 2005,text/plain,trees/10613.nex,
10617,,Caddoan: Dryer 2005,text/plain,trees/10617.nex,
10638,,Choco: Dryer 2005,text/plain,trees/10638.nex,
10642,,Guahiban: Dryer 2005,text/plain,trees/10642.nex,
10644,,Iroquoian: Dryer 2005,text/plain,trees/10644.nex,
10647,,Misumalpan: Dryer 2005,text/plain,trees/10647.nex,
10648,,Mixe-Zoque: Dryer 2005,text/plain,trees/10648.nex,
10649,,Muskogean: Dryer 2005,text/plain,trees/10649.nex,
10652,,Siouan: Dryer 2005,text/plain,trees/10652.nex,
10664,,Totonacan: Dryer 2005,text/plain,trees/10664.nex,
10670,,Arauan: Dryer 2005,text/plain,trees/10670.nex,
10686,,Chon: Dryer 2005,text/plain,trees/10686.nex,
10689,,Guaicuruan: Dryer 2005,text/plain,trees/10689.nex,
10692,,Huitotoan: Dryer 2005,text/plain,trees/10692.nex,
10709,,Matacoan: Dryer 2005,text/plain,trees/10709.nex,
10710,,Mayan: Dryer 2005,text/plain,trees/10710.nex,
10716,,Oto-Manguean: Dryer 2005,text/plain,trees/10716.nex,
10717,,Panoan: Dryer 2005,text/plain,trees/10717.nex,
10721,,Quechuan: Dryer 2005,text/plain,trees/10721.nex,
10725,,Tacanan: Dryer 2005,text/plain,trees/10725.nex,
10734,,Tucanoan: Dryer 2005,text/plain,trees/10734.nex,
10735,,Tupian: Dryer 2005,text/plain,trees/10735.nex,
10747,,Zaparoan: Dryer 2005,text/plain,trees/10747.nex,
10750,,Sino-Tibetan: Conrady 1896,text/plain,trees/10750.nex,
10751,,Chukotko-Kamchatkan: Dryer 2005,text/plain,trees/10751.nex,
10752,,Kartvelian: Dryer 2005,text/plain,trees/10752.nex,
10755,,North-West Caucasian: Dryer 2005,text/plain,trees/10755.nex,
10756,,Sino-Tibetan: Dryer 2005,text/plain,trees/10756.nex,
10761,,Chukchi-Kamchatkan: Ruhlen 1991,text/plain,trees/10761.nex,
10848,,Nakh-Daghestanian: Dryer 2005,text/plain,trees/10848.nex,
10873,,Caddoan: Mithun 1999,text/plain,trees/10873.nex,
10875,,Chinookan: Mithun 1999,text/plain,trees/10875.nex,
10879,,Chumashan: Mithun 1999,text/plain,trees/10879.nex,
10924,,Chumasan: Goddard 1996,text/plain,trees/10924.nex,
10932,,Wakashan: Goddard 1996,text/plain,trees/10932.nex,
10934,,Northwest Caucasian: Composite,text/plain,trees/10934.nex,
10968,,Chukotko-Kamchatkan: Composite,text/plain,trees/10968.nex,
11018,,"Adamawa, subtree of Niger-Congo: Boyd 1978",text/plain,trees/11018.nex,
11050,,"Ubangi, subtree of Niger-Congo: Bouquiaux, Thomas 1980",text/plain,trees/11050.nex,
11055,,"Ubangian, subtree of Niger-Congo: Barreteau, Moñino 1978",text/plain,trees/11055.nex,
11081,,Muskogean: Composite,text/plain,trees/11081.nex,
11112,,Altaic: Ethnologue 2005,text/plain,trees/11112.nex,
11115,,Kartvelian: Composite,text/plain,trees/11115.nex,
11163,,"Chadic: Newman 1990, 2008",text/plain,trees/11163.nex,
11214,,Caddoan: Campbell 1997,text/plain,trees/11214.nex,
11223,,Chinookan: Campbell 1997,text/plain,trees/11223.nex,
11224,,Chipaya-Uru: Campbell 1997,text/plain,trees/11224.nex,
11230,,Chumashan: Campbell 1997,text/plain,trees/11230.nex,
11231,,Cochimi-Yuman: Campbell 1997,text/plain,trees/11231.nex,
11261,,Proto-Dravidian: Krishnamurti 2003,text/plain,trees/11261.nex,
11273,,Misumalpan: Campbell 1997,text/plain,trees/11273.nex,
11275,,Miwok-Costanoan: Campbell 1997,text/plain,trees/11275.nex,
11285,,Nambiquaran: Campbell 1997,text/plain,trees/11285.nex,
11291,,Palaihnihan: Campbell 1997,text/plain,trees/11291.nex,
11293,,Pomoan: Campbell 1997,text/plain,trees/11293.nex,
11294,,Proto-Witotoan: Campbell 1997,text/plain,trees/11294.nex,
11303,,South Indian: Ellis 1816,text/plain,trees/11303.nex,
11305,,Quechuan: Campbell 1997,text/plain,trees/11305.nex,
11316,,Totonacan: Campbell 1997,text/plain,trees/11316.nex,
11317,,Tsimishian: Campbell 1997,text/plain,trees/11317.nex,
11336,,Dravidian: Zvelebil 1970,text/plain,trees/11336.nex,
11337,,Drâviḍian: Caldwell 1856,text/plain,trees/11337.nex,
11342,,Wakashan: Campbell 1997,text/plain,trees/11342.nex,
11348,,Yokutsan: Campbell 1997,text/plain,trees/11348.nex,
11350,,Zamucoan: Campbell 1997,text/plain,trees/11350.nex,
11352,,"Proto-South Dravidian, subtree of Dravidian: Zvelebil 1977",text/plain,trees/11352.nex,
11374,,Dravidian: Emeneau 1962,text/plain,trees/11374.nex,
11380,,Dravidian: Konow 1906,text/plain,trees/11380.nex,
11386,,"Proto-Central Dravidian, subtree of Dravidian: Subrahmanyam 1969",text/plain,trees/11386.nex,
11413,,Dravidian: Andronov 1978,text/plain,trees/11413.nex,
11415,,Ural-Altaic: Anonymous 1926,text/plain,trees/11415.nex,
11423,,Austro-Asiatic: Ethnologue 2005,text/plain,trees/11423.nex,
11484,,Afro-Asiatic: Greenberg 1963,text/plain,trees/11484.nex,
11485,,Malayo-polynesischer Sprachstamm: Mueller 1876,text/plain,trees/11485.nex,
11490,,Comecrudan: Goddard 1996,text/plain,trees/11490.nex,
11492,,Comecrudan: Mithun 1999,text/plain,trees/11492.nex,
11502,,Kalapuyan: Mithun 1999,text/plain,trees/11502.nex,
11503,,Uto-Aztecan: Dryer 2005,text/plain,trees/11503.nex,
11510,,Algic: Campbell 1997,text/plain,trees/11510.nex,
11523,,Austronesische Sprachen: Schmidt 1926,text/plain,trees/11523.nex,
11543,,Caddoan: Goddard 1996,text/plain,trees/11543.nex,
11551,,Jabutian: Campbell 1997,text/plain,trees/11551.nex,
11557,,African Language Isolates: Ethnologue 2005,text/plain,trees/11557.nex,
11572,,Tupían: Campbell 1997,text/plain,trees/11572.nex,
11573,,Yaguan: Campbell 1997,text/plain,trees/11573.nex,
11582,,Austro-Asiatic: Diffloth 2005,text/plain,trees/11582.nex,
11584,,North American Language Isolates: Ethnologue 2005,text/plain,trees/11584.nex,
11586,,South American Language Isolates: Ethnologue 2005,text/plain,trees/11586.nex,
11588,,Central American Language Isolates: Ethnologue 2005,text/plain,trees/11588.nex,
11592,,European Mixed Language: Ethnologue 2005,text/plain,trees/11592.nex,
11593,,Asian Mixed Language: Ethnologue 2005,text/plain,trees/11593.nex,
11599,,East Bird's Head: Dryer 2005,text/plain,trees/11599.nex,
11603,,Japanese: Dryer 2005,text/plain,trees/11603.nex,
11605,,Karkar-Yuri: Dryer 2005,text/plain,trees/11605.nex,
11607,,Korean: Dryer 2005,text/plain,trees/11607.nex,
11615,,Reef Islands - Santa Cruz: Dryer 2005,text/plain,trees/11615.nex,
11617,,Australian Mixed Language: Ethnologue 2005,text/plain,trees/11617.nex,
11618,,Central American Mixed Language: Ethnologue 2005,text/plain,trees/11618.nex,
11620,,North American Mixed Language: Ethnologue 2005,text/plain,trees/11620.nex,
11622,,South American Mixed Language: Ethnologue 2005,text/plain,trees/11622.nex,
11628,,West Papuan: Dryer 2005,text/plain,trees/11628.nex,
11632,,Trans-New Guinea: Dryer 2005,text/plain,trees/11632.nex,
11645,,Middle American Isolates: Campbell 1997,text/plain,trees/11645.nex,
11646,,Middle American Unclassified Languages: Campbell 1997,text/plain,trees/11646.nex,
11650,,Asian Pidgins and Creoles: Ethnologue 2005,text/plain,trees/11650.nex,
11660,,South American Pidgins and Creoles: Ethnologue 2005,text/plain,trees/11660.nex,
11678,,Asian Mixed Languages: Composite,text/plain,trees/11678.nex,
11680,,Central American Mixed Languages: Composite,text/plain,trees/11680.nex,
11681,,European Mixed Languages: Composite,text/plain,trees/11681.nex,
11694,,Chapacura-Wanhan: Dryer 2005,text/plain,trees/11694.nex,
11701,,North American Isolates: Composite,text/plain,trees/11701.nex,
11704,,African Pidgins and Creoles: Ethnologue 2005,text/plain,trees/11704.nex,
11705,,Central American Pidgins and Creoles: Ethnologue 2005,text/plain,trees/11705.nex,
11706,,Australian Pidgins and Creoles: Ethnologue 2005,text/plain,trees/11706.nex,
11707,,Maiduan: Mithun 1999,text/plain,trees/11707.nex,
11708,,Muskogean: Mithun 1999,text/plain,trees/11708.nex,
11709,,Palaihnihan: Mithun 1999,text/plain,trees/11709.nex,
11710,,Pomoan: Mithun 1999,text/plain,trees/11710.nex,
11714,,Tsimshianic: Mithun 1999,text/plain,trees/11714.nex,
11715,,Utian: Mithun 1999,text/plain,trees/11715.nex,
11718,,Wakashan: Mithun 1999,text/plain,trees/11718.nex,
11719,,Wintuan: Mithun 1999,text/plain,trees/11719.nex,
11720,,Yokutsan: Mithun 1999,text/plain,trees/11720.nex,
11721,,Yuman-Cochimi: Mithun 1999,text/plain,trees/11721.nex,
11725,,Yanomam: Ethnologue 2005,text/plain,trees/11725.nex,
11763,,Nilo-Saharan: Composite,text/plain,trees/11763.nex,
11781,,European Pidgins and Creoles: Ethnologue 2005,text/plain,trees/11781.nex,
11792,,Elamo-Dravidian: McAlpin 1980,text/plain,trees/11792.nex,
11795,,Elamo-Dravidian: McAlpin 1981,text/plain,trees/11795.nex,
11796,,Elamo-Dravidian: Ruhlen 1991,text/plain,trees/11796.nex,
11798,,Na-Dene: Dryer 2005,text/plain,trees/11798.nex,
11802,,Na-Dene: Greenberg 1987,text/plain,trees/11802.nex,
11804,,Nadene: Sapir 1929,text/plain,trees/11804.nex,
11810,,Yeniseian: Dryer 2005,text/plain,trees/11810.nex,
11814,,Uto-Aztecan: Mithun 1999,text/plain,trees/11814.nex,
11824,,Congo-Kordofanian: Greenberg 1970,text/plain,trees/11824.nex,
11825,,Sahaptian: Campbell 1997,text/plain,trees/11825.nex,
11828,,Sahaptian: Mithun 1999,text/plain,trees/11828.nex,
11833,,Timotean: Campbell 1997,text/plain,trees/11833.nex,
11835,,Afro-Asiatic: Fleming 1976,text/plain,trees/11835.nex,
11841,,Cariban: Campbell 1997,text/plain,trees/11841.nex,
11842,,Muskogean (according to Haas): Campbell 1997,text/plain,trees/11842.nex,
11844,,Muskogean (according to Munro): Campbell 1997,text/plain,trees/11844.nex,
11848,,North American Mixed Languages: Composite,text/plain,trees/11848.nex,
11859,,Mixe-Zoquean: Campbell 1997,text/plain,trees/11859.nex,
11861,,Chimuan: Campbell 1997,text/plain,trees/11861.nex,
11864,,Zaparoan: Campbell 1997,text/plain,trees/11864.nex,
11865,,Tucanoan: Campbell 1997,text/plain,trees/11865.nex,
11867,,Siouan: Campbell 1997,text/plain,trees/11867.nex,
11871,,Yurimangí: Dryer 2005,text/plain,trees/11871.nex,
11874,,Maiduan: Campbell 1997,text/plain,trees/11874.nex,
11875,,Coosan: Campbell 1997,text/plain,trees/11875.nex,
11876,,Coosan: Mithun 1999,text/plain,trees/11876.nex,
11877,,Chocoan: Campbell 1997,text/plain,trees/11877.nex,
11878,,Wintuan: Campbell 1997,text/plain,trees/11878.nex,
11883,,Tiniguan: Campbell 1997,text/plain,trees/11883.nex,
11884,,Tequistlatecan: Campbell 1997,text/plain,trees/11884.nex,
11887,,African Mixed Languages: Composite,text/plain,trees/11887.nex,
11888,,African Language Isolates: Composite,text/plain,trees/11888.nex,
11892,,African Pidgins and Creoles: Composite,text/plain,trees/11892.nex,
11893,,Asian Pidgins and Creoles: Composite,text/plain,trees/11893.nex,
11894,,Australian Pidgins and Creoles: Composite,text/plain,trees/11894.nex,
11895,,Central American Pidgins and Creoles: Composite,text/plain,trees/11895.nex,
11904,,South American Pidgins and Creoles: Composite,text/plain,trees/11904.nex,
11905,,Esselen: Dryer 2005,text/plain,trees/11905.nex,
11909,,Uralische Sprachklasse: Szinnyei 1922,text/plain,trees/11909.nex,
11911,,Subtiaba-Tlapanec: Ethnologue 2005,text/plain,trees/11911.nex,
11913,,Pacific Mixed Language: Ethnologue 2005,text/plain,trees/11913.nex,
11914,,Pacific Mixed Languages: Composite,text/plain,trees/11914.nex,
11915,,Pacific Language Isolates: Ethnologue 2005,text/plain,trees/11915.nex,
11916,,Pacific Language Isolates: Composite,text/plain,trees/11916.nex,
11917,,Pacific Pidgins and Creoles: Ethnologue 2005,text/plain,trees/11917.nex,
11920,,Jicaquean: Campbell 1997,text/plain,trees/11920.nex,
11924,,Lencan: Campbell 1997,text/plain,trees/11924.nex,
11925,,Huavean: Dryer 2005,text/plain,trees/11925.nex,
11927,,Huavean: Ethnologue 2005,text/plain,trees/11927.nex,
11928,,Timucua: Dryer 2005,text/plain,trees/11928.nex,
11929,,Atakapa: Mithun 1999,text/plain,trees/11929.nex,
11930,,Atakapan: Goddard 1996,text/plain,trees/11930.nex,
11931,,Alsean: Campbell 1997,text/plain,trees/11931.nex,
11936,,Australian Unclassified Languages: Composite,text/plain,trees/11936.nex,
11937,,Central American Unclassified Languages: Composite,text/plain,trees/11937.nex,
11942,,African Unclassified Languages: Composite,text/plain,trees/11942.nex,
11943,,Alsea: Mithun 1999,text/plain,trees/11943.nex,
11944,,Atakapa: Dryer 2005,text/plain,trees/11944.nex,
11945,,Atakapan: Campbell 1997,text/plain,trees/11945.nex,
11946,,Chitimacha: Dryer 2005,text/plain,trees/11946.nex,
11948,,Coahuilteco: Mithun 1999,text/plain,trees/11948.nex,
11950,,Natchez: Dryer 2005,text/plain,trees/11950.nex,
11951,,Takelma: Dryer 2005,text/plain,trees/11951.nex,
11952,,Takelman: Campbell 1997,text/plain,trees/11952.nex,
11953,,Tunica: Dryer 2005,text/plain,trees/11953.nex,
11957,,Coahuiltecan: Ethnologue 2005,text/plain,trees/11957.nex,
11963,,African Unclassified Languages: Ethnologue 2005,text/plain,trees/11963.nex,
11964,,Asian Unclassified Languages: Ethnologue 2005,text/plain,trees/11964.nex,
11965,,Central American Unclassified Languages: Ethnologue 2005,text/plain,trees/11965.nex,
11966,,European Unclassified Languages: Ethnologue 2005,text/plain,trees/11966.nex,
11967,,North American Unclassified Languages: Ethnologue 2005,text/plain,trees/11967.nex,
11968,,Pacific Unclassified Languages: Ethnologue 2005,text/plain,trees/11968.nex,
11999,,"Mande, subtree of Niger-Congo: Welmers 1971",text/plain,trees/11999.nex,
12001,,"Voltaic, subtree of Niger-Congo: Manessy 1978",text/plain,trees/12001.nex,
12037,,Penutian: Composite,text/plain,trees/12037.nex,
12040,,Washo: Dryer 2005,text/plain,trees/12040.nex,
12041,,Alsea Hypothesis 1: Campbell 1997,text/plain,trees/12041.nex,
12042,,Alsea Hypothesis 2: Campbell 1997,text/plain,trees/12042.nex,
12048,,Tarascan: Dryer 2005,text/plain,trees/12048.nex,
12050,,Tarascan: Ethnologue 2005,text/plain,trees/12050.nex,
12059,,Pidgins and Creoles: Todd 1990,text/plain,trees/12059.nex,
12067,,Xincan: Campbell 1997,text/plain,trees/12067.nex,
12078,,Cholonan: Campbell 1997,text/plain,trees/12078.nex,
12080,,Khoe-Kwadi: Composite,text/plain,trees/12080.nex,
12088,,Mayan: Campbell 1997,text/plain,trees/12088.nex,
12094,,Mayan: Ethnologue 2005,text/plain,trees/12094.nex,
12095,,Chimakuan: Campbell 1997,text/plain,trees/12095.nex,
12096,,Chimakuan: Goddard 1996,text/plain,trees/12096.nex,
12097,,Chimakuan: Mithun 1999,text/plain,trees/12097.nex,
12111,,Tasmanian: Dryer 2005,text/plain,trees/12111.nex,
12112,,Western Fly: Dryer 2005,text/plain,trees/12112.nex,
12116,,Tyrrhenian: Composite,text/plain,trees/12116.nex,
12119,,West Bomberai: Dryer 2005,text/plain,trees/12119.nex,
12121,,"Samoyed languages, subtree of Uralic: Hadju 1963",text/plain,trees/12121.nex,
12123,,Lower Mamberamo: Ethnologue 2005,text/plain,trees/12123.nex,
12124,,Lower Mamberamo: Composite,text/plain,trees/12124.nex,
12125,,Lower Mamberamo: Dryer 2005,text/plain,trees/12125.nex,
12126,,Yawa: Dryer 2005,text/plain,trees/12126.nex,
12128,,Austro-Asiatic: Voegelin & Voegelin 1977,text/plain,trees/12128.nex,
12130,,Kwerba: Dryer 2005,text/plain,trees/12130.nex,
12131,,Tor: Dryer 2005,text/plain,trees/12131.nex,
12132,,Nimboran: Dryer 2005,text/plain,trees/12132.nex,
12133,,Sentani: Dryer 2005,text/plain,trees/12133.nex,
12134,,Morwap: Dryer 2005,text/plain,trees/12134.nex,
12135,,Kaure: Dryer 2005,text/plain,trees/12135.nex,
12136,,Senagi: Dryer 2005,text/plain,trees/12136.nex,
12137,,Yale: Dryer 2005,text/plain,trees/12137.nex,
12138,,Oksapmin: Dryer 2005,text/plain,trees/12138.nex,
12139,,Gapun: Dryer 2005,text/plain,trees/12139.nex,
12140,,Monumbo: Dryer 2005,text/plain,trees/12140.nex,
12141,,Upper Yuat: Dryer 2005,text/plain,trees/12141.nex,
12142,,Kayagar: Dryer 2005,text/plain,trees/12142.nex,
12144,,Kolopom: Dryer 2005,text/plain,trees/12144.nex,
12145,,Mombum: Dryer 2005,text/plain,trees/12145.nex,
12147,,Bulaka River: Dryer 2005,text/plain,trees/12147.nex,
12149,,Awin-Pare: Dryer 2005,text/plain,trees/12149.nex,
12150,,East Strickland: Dryer 2005,text/plain,trees/12150.nex,
12151,,Bosavi: Dryer 2005,text/plain,trees/12151.nex,
12152,,Gogodala-Suki: Dryer 2005,text/plain,trees/12152.nex,
12153,,Kiwaian: Dryer 2005,text/plain,trees/12153.nex,
12154,,Turama-Kikorian: Dryer 2005,text/plain,trees/12154.nex,
12155,,Yareban: Dryer 2005,text/plain,trees/12155.nex,
12156,,Dagan: Dryer 2005,text/plain,trees/12156.nex,
12157,,Yele: Dryer 2005,text/plain,trees/12157.nex,
12158,,Anem: Dryer 2005,text/plain,trees/12158.nex,
12159,,Sulka: Dryer 2005,text/plain,trees/12159.nex,
12160,,Kuot: Dryer 2005,text/plain,trees/12160.nex,
12161,,West Bougainville: Dryer 2005,text/plain,trees/12161.nex,
12162,,East Bougainville: Dryer 2005,text/plain,trees/12162.nex,
12164,,Geelvink Bay: Composite,text/plain,trees/12164.nex,
12165,,Solomons East Papuan: Dryer 2005,text/plain,trees/12165.nex,
12168,,Kadugli: Dryer 2005,text/plain,trees/12168.nex,
12169,,Laal: Dryer 2005,text/plain,trees/12169.nex,
12170,,Hadza: Dryer 2005,text/plain,trees/12170.nex,
12171,,Lakes Plain: Dryer 2005,text/plain,trees/12171.nex,
12176,,Khoisan: Ethnologue 2005,text/plain,trees/12176.nex,
12179,,Hottentoten: Müller 1874,text/plain,trees/12179.nex,
12180,,Click: Greenberg 1955,text/plain,trees/12180.nex,
12181,,East Geelvink Bay: Dryer 2005,text/plain,trees/12181.nex,
12182,,Khoisan: Greenberg 1963,text/plain,trees/12182.nex,
12183,,Khoisan: Ruhlen 1991,text/plain,trees/12183.nex,
12184,,Khoisan: Dryer 2005,text/plain,trees/12184.nex,
12185,,Sepik-Ramu: Composite,text/plain,trees/12185.nex,
12186,,Morehead and Upper Maro Rivers: Dryer 2005,text/plain,trees/12186.nex,
12187,,Teberan-Pawaian: Dryer 2005,text/plain,trees/12187.nex,
12189,,East Papuan: Ethnologue 2005,text/plain,trees/12189.nex,
12192,,Indo-Pacific: Ruhlen 1991,text/plain,trees/12192.nex,
12195,,Sepik-Ramu: Ethnologue 2005,text/plain,trees/12195.nex,
12197,,Trans-New Guinea: Ethnologue 2005,text/plain,trees/12197.nex,
12212,,Australische Sprachen: Müller 1876,text/plain,trees/12212.nex,
12231,,Korean-Japanese-Ainu: Patrie 1982,text/plain,trees/12231.nex,
12232,,Altaic: Poppe 1982,text/plain,trees/12232.nex,
12255,,Altaic: Ruhlen 1991,text/plain,trees/12255.nex,
12260,,Nubas: Muller 1874,text/plain,trees/12260.nex,
12283,,Nilotisch: Koehler 1955,text/plain,trees/12283.nex,
12294,,Ural-Altaic: Boller 1857,text/plain,trees/12294.nex,
12295,,Chukchi-Kamchatkan: Radloff 1861,text/plain,trees/12295.nex,
12311,,Yuchi: Dryer 2005,text/plain,trees/12311.nex,
12314,,Tonkawa: Dryer 2005,text/plain,trees/12314.nex,
12315,,Karankawa: Dryer 2005,text/plain,trees/12315.nex,
12323,,Zuni: Dryer 2005,text/plain,trees/12323.nex,
12334,,Geelvink Bay: Ethnologue 2005,text/plain,trees/12334.nex,
12335,,Oregon-Coast: Dryer 2005,text/plain,trees/12335.nex,
12337,,Kiowa Tanoan: Ethnologue 2005,text/plain,trees/12337.nex,
12338,,Kiowa-Tanoan: Dryer 2005,text/plain,trees/12338.nex,
12339,,Kiowa-Tanoan: Goddard 1996,text/plain,trees/12339.nex,
12340,,Kiowa-Tanoan: Mithun 1999,text/plain,trees/12340.nex,
12341,,Kutenai: Dryer 2005,text/plain,trees/12341.nex,
12342,,Sino-Tibetan: Ruhlen 1991,text/plain,trees/12342.nex,
12351,,Penutian: Dryer 2005,text/plain,trees/12351.nex,
12352,,Penutian: Ethnologue 2005,text/plain,trees/12352.nex,
12359,,Shastan: Mithun 1999,text/plain,trees/12359.nex,
12377,,Subtiaba-Tlapanec: Dryer 2005,text/plain,trees/12377.nex,
12381,,Indo-Pacific: Greenberg 1971,text/plain,trees/12381.nex,
12395,,African Deaf Sign Language: Ethnologue 2005,text/plain,trees/12395.nex,
12401,,Pacific Deaf Sign Language: Ethnologue 2005,text/plain,trees/12401.nex,
12404,,European Sign Language: Ethnologue 2005,text/plain,trees/12404.nex,
12405,,North American Sign Language: Ethnologue 2005,text/plain,trees/12405.nex,
12411,,European Sign Language: Composite,text/plain,trees/12411.nex,
12413,,North American Sign Language: Composite,text/plain,trees/12413.nex,
12416,,Tequistlatecan: Dryer 2005,text/plain,trees/12416.nex,
12419,,Tol: Dryer 2005,text/plain,trees/12419.nex,
12424,,Chimila: Dryer 2005,text/plain,trees/12424.nex,
12425,,Paezan: Dryer 2005,text/plain,trees/12425.nex,
12427,,Camsá: Dryer 2005,text/plain,trees/12427.nex,
12428,,Sáliban: Dryer 2005,text/plain,trees/12428.nex,
12429,,Puinave: Dryer 2005,text/plain,trees/12429.nex,
12431,,Cacua-Nukak: Dryer 2005,text/plain,trees/12431.nex,
12432,,Andoke: Dryer 2005,text/plain,trees/12432.nex,
12433,,Jirajaran: Dryer 2005,text/plain,trees/12433.nex,
12434,,Timote-Cicua: Dryer 2005,text/plain,trees/12434.nex,
12435,,Betoi: Dryer 2005,text/plain,trees/12435.nex,
12436,,Yaruro: Dryer 2005,text/plain,trees/12436.nex,
12437,,Warao: Dryer 2005,text/plain,trees/12437.nex,
12438,,Yanomam: Dryer 2005,text/plain,trees/12438.nex,
12439,,Yanomaman: Campbell 1997,text/plain,trees/12439.nex,
12440,,Cofán: Dryer 2005,text/plain,trees/12440.nex,
12441,,Tacame: Dryer 2005,text/plain,trees/12441.nex,
12442,,Waorani: Dryer 2005,text/plain,trees/12442.nex,
12443,,Peba-Yaguan: Dryer 2005,text/plain,trees/12443.nex,
12445,,Ticuna: Dryer 2005,text/plain,trees/12445.nex,
12446,,Taushiro: Dryer 2005,text/plain,trees/12446.nex,
12447,,Jivaroan: Dryer 2005,text/plain,trees/12447.nex,
12448,,Candoshi: Dryer 2005,text/plain,trees/12448.nex,
12449,,Urarina: Dryer 2005,text/plain,trees/12449.nex,
12450,,Cahuapanan: Dryer 2005,text/plain,trees/12450.nex,
12452,,Chimuan: Dryer 2005,text/plain,trees/12452.nex,
12453,,Cholon: Dryer 2005,text/plain,trees/12453.nex,
12454,,Aymaran: Dryer 2005,text/plain,trees/12454.nex,
12455,,Harakmbet: Dryer 2005,text/plain,trees/12455.nex,
12456,,Maku: Dryer 2005,text/plain,trees/12456.nex,
12457,,Vaupés-Japurá: Dryer 2005,text/plain,trees/12457.nex,
12458,,Macro-Ge: Dryer 2005,text/plain,trees/12458.nex,
12459,,Trumai: Dryer 2005,text/plain,trees/12459.nex,
12460,,Nambikuaran: Dryer 2005,text/plain,trees/12460.nex,
12461,,Kwazá: Dryer 2005,text/plain,trees/12461.nex,
12462,,Jabutí: Dryer 2005,text/plain,trees/12462.nex,
12463,,Sino-Tibetan: Benedict 1942,text/plain,trees/12463.nex,
12464,,Chapacura: Dryer 2005,text/plain,trees/12464.nex,
12465,,Mura: Dryer 2005,text/plain,trees/12465.nex,
12466,,Katukinan: Dryer 2005,text/plain,trees/12466.nex,
12467,,Itonama: Dryer 2005,text/plain,trees/12467.nex,
12468,,Cayuvava: Dryer 2005,text/plain,trees/12468.nex,
12469,,Movima: Dryer 2005,text/plain,trees/12469.nex,
12470,,Mosetenan: Dryer 2005,text/plain,trees/12470.nex,
12471,,Yuracare: Dryer 2005,text/plain,trees/12471.nex,
12473,,Uru-Chipaya: Dryer 2005,text/plain,trees/12473.nex,
12474,,Kunza: Dryer 2005,text/plain,trees/12474.nex,
12475,,Chiquito: Dryer 2005,text/plain,trees/12475.nex,
12476,,Zamucoan: Dryer 2005,text/plain,trees/12476.nex,
12477,,Mascoian: Dryer 2005,text/plain,trees/12477.nex,
12478,,Lule-Vilela: Dryer 2005,text/plain,trees/12478.nex,
12479,,Huarpe: Dryer 2005,text/plain,trees/12479.nex,
12480,,Araucanian: Dryer 2005,text/plain,trees/12480.nex,
12481,,Alacalufan: Dryer 2005,text/plain,trees/12481.nex,
12482,,Yámana: Dryer 2005,text/plain,trees/12482.nex,
12495,,Lule-Vilela: Ethnologue 2005,text/plain,trees/12495.nex,
12498,,Alacalufan: Ethnologue 2005,text/plain,trees/12498.nex,
12500,,Araucanian: Ethnologue 2005,text/plain,trees/12500.nex,
12503,,Arawakan: Dryer 2005,text/plain,trees/12503.nex,
12505,,Arutani-Sape: Ethnologue 2005,text/plain,trees/12505.nex,
12508,,Macro Ge: Ethnologue 2005,text/plain,trees/12508.nex,
12510,,Maku: Ethnologue 2005,text/plain,trees/12510.nex,
12514,,Mataco-Guaicuru: Ethnologue 2005,text/plain,trees/12514.nex,
12519,,Hibito-Cholon: Ethnologue 2005,text/plain,trees/12519.nex,
12521,,Cant: Composite,text/plain,trees/12521.nex,
12539,,Dene-Yeniseic Hypothesis 1: Comrie 2008,text/plain,trees/12539.nex,
12540,,Dene-Yeniseic Hypothesis 2: Comrie 2008,text/plain,trees/12540.nex,
12541,,Hamitische: Lepsius 1880,text/plain,trees/12541.nex,
12542,,Urafricanische Negersprachen: Lepsius 1880,text/plain,trees/12542.nex,
12555,,Semitische: Lepsius 1880,text/plain,trees/12555.nex,
12562,,Übersicht der bebandelten Sprachgruppen: Westerman 1927,text/plain,trees/12562.nex,
12576,,Juu-ǂHoan: Composite,text/plain,trees/12576.nex,
12597,,Scythian: Rask 1834,text/plain,trees/12597.nex,
12615,,Yukaghir: Dryer 2005,text/plain,trees/12615.nex,
12616,,Yukaghir: Ethnologue 2005,text/plain,trees/12616.nex,
12617,,Yukaghir: Composite,text/plain,trees/12617.nex,
12618,,Nivkh: Dryer 2005,text/plain,trees/12618.nex,
12619,,Ainu: Dryer 2005,text/plain,trees/12619.nex,
12620,,Burushaski: Dryer 2005,text/plain,trees/12620.nex,
12622,,Nahali: Dryer 2005,text/plain,trees/12622.nex,
12623,,Kusunda: Dryer 2005,text/plain,trees/12623.nex,
12624,,Caucasian: Ruhlen 1991,text/plain,trees/12624.nex,
12625,,North Caucasian: Ethnologue 2005,text/plain,trees/12625.nex,
12655,,Tai-Kadai: Ethnologue 2005,text/plain,trees/12655.nex,
12675,,Omotic Hypothesis 1: Bender 1975,text/plain,trees/12675.nex,
12676,,Omotic Hypothesis 2: Bender 1975,text/plain,trees/12676.nex,
12710,,Austro-Asiatic: Pinnow 1959,text/plain,trees/12710.nex,
12736,,Macro Katembrí-Taruma Cluster: Campbell 1997,text/plain,trees/12736.nex,
12737,,Sálivan: Campbell 1997,text/plain,trees/12737.nex,
12738,,Sino-Tibetan: Ethnologue 2005,text/plain,trees/12738.nex,
12755,,Mayan: Asher & Moseley 1994,text/plain,trees/12755.nex,
12775,,"Mije-Sokean: Asher, Moseley 1994",text/plain,trees/12775.nex,
12776,,"Totonakan: Asher, Moseley 1994",text/plain,trees/12776.nex,
12777,,"Wavi: Asher, Moseley 1994",text/plain,trees/12777.nex,
12798,,"Hokan: Asher, Moseley 1994",text/plain,trees/12798.nex,
12837,,Proto-Austric: Benedict 1942,text/plain,trees/12837.nex,
12855,,"Yuta-Nawan: Asher, Moseley 1994",text/plain,trees/12855.nex,
12856,,"Shinkan Complex: Asher, Moseley 1994",text/plain,trees/12856.nex,
12857,,"Kwitlateko: Asher, Moseley 1994",text/plain,trees/12857.nex,
12858,,"Tarasko: Asher, Moseley 1994",text/plain,trees/12858.nex,
12859,,"Lenkan: Asher, Moseley 1994",text/plain,trees/12859.nex,
12936,,"Semitic, subtree of Afro-Asiatic: Rubin 2007",text/plain,trees/12936.nex,
12957,,Altaic: Miller 1971,text/plain,trees/12957.nex,
12978,,Asian Unclassified Languages: Composite,text/plain,trees/12978.nex,
12995,,Asian Language Isolates: Composite,text/plain,trees/12995.nex,
13159,,Proto-Fennic: Abondolo 2006,text/plain,trees/13159.nex,
13175,,Austric: Sebeok 1942,text/plain,trees/13175.nex,
13195,,Uralic-Yukaghir: Anonymous 2009,text/plain,trees/13195.nex,
13215,,Uralic: Pedersen 1929,text/plain,trees/13215.nex,
13217,,Keresan: Campbell 1997,text/plain,trees/13217.nex,
13218,,Keresan: Dryer 2005,text/plain,trees/13218.nex,
13219,,Keresan: Goddard 1996,text/plain,trees/13219.nex,
13220,,Keres: Composite,text/plain,trees/13220.nex,
13221,,Keres: Ethnologue 2005,text/plain,trees/13221.nex,
13235,,Sino-Dene (according to Sapir): Bengtson 1994,text/plain,trees/13235.nex,
13236,,Hurro-Urartian: Composite,text/plain,trees/13236.nex,
13255,,Lower Sepik-Ramu: Dryer 2005,text/plain,trees/13255.nex,
13256,,Sapir's Penutian Classification: Campbell 1997,text/plain,trees/13256.nex,
13258,,Proto-North-Asiatic: Street 1962,text/plain,trees/13258.nex,
13259,,Kiowa-Tanoan: Campbell 1997,text/plain,trees/13259.nex,
13342,,Chapacuran: Campbell 1997,text/plain,trees/13342.nex,
13418,,Japonic: Composite,text/plain,trees/13418.nex,
13438,,Uralic: Abondolo 2006,text/plain,trees/13438.nex,
13923,,Trans New Guinea: Wurm 1982,text/plain,trees/13923.nex,
13926,,West Papuan: Wurm 1982,text/plain,trees/13926.nex,
13935,,Sepik-Ramu: Wurm 1982,text/plain,trees/13935.nex,
13936,,Torricelli: Wurm 1982,text/plain,trees/13936.nex,
13955,,Amto-Musian Phylum-Level Family: Wurm 1982,text/plain,trees/13955.nex,
13956,,East Bird's Head Phylum-Level Stock: Wurm 1982,text/plain,trees/13956.nex,
13957,,Kwomtari Minor Phylum: Wurm 1982,text/plain,trees/13957.nex,
13958,,Arai (Left May) Minor Phylum: Wurm 1982,text/plain,trees/13958.nex,
13959,,Papuan Phylum-Level Isolates: Wurm 1982,text/plain,trees/13959.nex,
13960,,Sko Minor Phylum: Wurm 1982,text/plain,trees/13960.nex,
13961,,Geelvink Bay: Wurm 1982,text/plain,trees/13961.nex,
13995,,Yenisei Ostyak: Composite,text/plain,trees/13995.nex,
14018,,Beothuk: Powell 1891,text/plain,trees/14018.nex,
14022,,Algonquian: Powell 1891,text/plain,trees/14022.nex,
14029,,Athapaskan: Powell 1891,text/plain,trees/14029.nex,
14031,,Attacapa: Powell 1891,text/plain,trees/14031.nex,
14036,,Azteco-Tanoan:  Zisa 1970,text/plain,trees/14036.nex,
14038,,Chimmesyan: Powell 1891,text/plain,trees/14038.nex,
14042,,Chinookan: Powell 1891,text/plain,trees/14042.nex,
14072,,Chitimachan: Powell 1891,text/plain,trees/14072.nex,
14073,,Chumashan: Powell 1891,text/plain,trees/14073.nex,
14074,,Coahuiltecan: Powell 1891,text/plain,trees/14074.nex,
14080,,Copehan: Powell 1891,text/plain,trees/14080.nex,
14081,,Eskimauan: Powell 1891,text/plain,trees/14081.nex,
14082,,Esselenian: Powell 1891,text/plain,trees/14082.nex,
14084,,Kalapooian: Powell 1891,text/plain,trees/14084.nex,
14086,,Keresan: Powell 1891,text/plain,trees/14086.nex,
14115,,Kiowa: Powell 1891,text/plain,trees/14115.nex,
14117,,Kitunahan: Powell 1891,text/plain,trees/14117.nex,
14125,,Mariposan: Powell 1891,text/plain,trees/14125.nex,
14135,,Arauan: Ethnologue 2005,text/plain,trees/14135.nex,
14159,,Beothuk: Dryer 2005,text/plain,trees/14159.nex,
14178,,North American Unclassified Languages: Composite,text/plain,trees/14178.nex,
14179,,North American Unclassified Languages: Campbell 1997,text/plain,trees/14179.nex,
14184,,Chibchan Macro-Phylum:  Zisa 1970,text/plain,trees/14184.nex,
14185,,Chibchan: Campbell 1997,text/plain,trees/14185.nex,
14186,,Chibchan: Dryer 2005,text/plain,trees/14186.nex,
14188,,Chibchan: Ethnologue 2005,text/plain,trees/14188.nex,
14189,,"Otomangean: Asher, Moseley 1994",text/plain,trees/14189.nex,
14190,,Otomanguean: Campbell 1997,text/plain,trees/14190.nex,
14192,,Oto-Manguean: Ethnologue 2005,text/plain,trees/14192.nex,
14197,,Chimakuan: Ethnologue 2005,text/plain,trees/14197.nex,
14199,,Andean-Equatorial Macro-Phylum (Based on Greenberg):  Zisa 1970,text/plain,trees/14199.nex,
14200,,Moquelumnan: Powell 1891,text/plain,trees/14200.nex,
14202,,Muskhogean: Powell 1891,text/plain,trees/14202.nex,
14205,,Palaihnihan: Powell 1891,text/plain,trees/14205.nex,
14206,,Piman: Powell 1891,text/plain,trees/14206.nex,
14208,,Pujunan: Powell 1891,text/plain,trees/14208.nex,
14210,,Arawakan: Ethnologue 2005,text/plain,trees/14210.nex,
14237,,Hokan: Dryer 2005,text/plain,trees/14237.nex,
14238,,Hokan-Superfamily: Goddard 1996,text/plain,trees/14238.nex,
14239,,Hokan: Ethnologue 2005,text/plain,trees/14239.nex,
14242,,Iroquoian: Campbell 1997,text/plain,trees/14242.nex,
14245,,Iroquoian: Ethnologue 2005,text/plain,trees/14245.nex,
14249,,Iroquoian: Powell 1891,text/plain,trees/14249.nex,
14250,,Iroquoian: Goddard 1996,text/plain,trees/14250.nex,
14253,,Iroquoian: Mithun 1999,text/plain,trees/14253.nex,
14316,,Niger-Congo: Ethnologue 2005,text/plain,trees/14316.nex,
14375,,Quoratean: Powell 1891,text/plain,trees/14375.nex,
14378,,Salishan: Powell 1891,text/plain,trees/14378.nex,
14380,,Shahaptian: Powell 1891,text/plain,trees/14380.nex,
14382,,Siouan: Powell 1891,text/plain,trees/14382.nex,
14395,,Afro-Asiatic: Ethnologue 2005,text/plain,trees/14395.nex,
14476,,Australian: Ethnologue 2005,text/plain,trees/14476.nex,
14515,,Austronesian: Ethnologue 2005,text/plain,trees/14515.nex,
14535,,Subtiaba-Tlapanex: Composite,text/plain,trees/14535.nex,
14555,,Takilman: Powell 1891,text/plain,trees/14555.nex,
14556,,Tañoan: Powell 1891,text/plain,trees/14556.nex,
14558,,Timuquanan: Powell 1891,text/plain,trees/14558.nex,
14559,,Tonikan: Powell 1891,text/plain,trees/14559.nex,
14560,,Tonkawan: Powell 1891,text/plain,trees/14560.nex,
14562,,Uchean: Powell 1891,text/plain,trees/14562.nex,
14563,,East Papuan: Composite,text/plain,trees/14563.nex,
14596,,Indo-European: Ethnologue 2005,text/plain,trees/14596.nex,
14615,,Indo-Hittite: Ruhlen 1991,text/plain,trees/14615.nex,
14616,,"Indo-European: Voegelin, Voegelin 1977",text/plain,trees/14616.nex,
14617,,"Romance, subtree of Indo-European: Agard 1984",text/plain,trees/14617.nex,
14618,,Indo-European: Dryer 2005,text/plain,trees/14618.nex,
14619,,Indo-European: Bloomfield 1933,text/plain,trees/14619.nex,
14620,,Indo-germanischer Sprachstamm: Mueller 1876,text/plain,trees/14620.nex,
14637,,Indogerman sprachstamm: Schleicher 1876,text/plain,trees/14637.nex,
14639,,Eurasiatic: Greenberg 2000,text/plain,trees/14639.nex,
14640,,Eurasiatic: Greenberg 2002,text/plain,trees/14640.nex,
14641,,Uralic: Composite,text/plain,trees/14641.nex,
14642,,Uralic: Ethnologue 2005,text/plain,trees/14642.nex,
14643,,"Proto-Slavonic: Comrie, Corbett 2002",text/plain,trees/14643.nex,
14657,,"Proto-Samoyedic, subtree of Uralic: Abondolo 2008",text/plain,trees/14657.nex,
14658,,Uralic: Harms 1979,text/plain,trees/14658.nex,
14659,,Uralic: Comrie 1981,text/plain,trees/14659.nex,
14663,,Ural-Altaic: Collinder 1965,text/plain,trees/14663.nex,
14664,,Uralisch und Altaisch: Décsy 1965,text/plain,trees/14664.nex,
14665,,"Ural-Altaic: Menges, Sauvageot 1964",text/plain,trees/14665.nex,
14670,,Uralic-Yukaghir: Ruhlen 1991,text/plain,trees/14670.nex,
14671,,Ouralien: Austerlitz 1968,text/plain,trees/14671.nex,
14672,,Uralic: Collinder 1957,text/plain,trees/14672.nex,
14678,,Na-Dene: Ethnologue 2005,text/plain,trees/14678.nex,
14679,,Na-Dene: Ruhlen 1991,text/plain,trees/14679.nex,
14681,,Athabaskan-Eyak-Tlingit: Mithun 1999,text/plain,trees/14681.nex,
14685,,Panoan: Ethnologue 2005,text/plain,trees/14685.nex,
14687,,Salishan: Ethnologue 2005,text/plain,trees/14687.nex,
14688,,Salishan: Mithun 1999,text/plain,trees/14688.nex,
14689,,Salish: Campbell 1998,text/plain,trees/14689.nex,
14690,,Puquina: Dryer 2005,text/plain,trees/14690.nex,
14691,,South American Unclassified Languages: Composite,text/plain,trees/14691.nex,
14692,,South American Unclassified Languages: Ethnologue 2005,text/plain,trees/14692.nex,
14696,,Natchesan: Powell 1891,text/plain,trees/14696.nex,
14697,,Algonquian Macro-Phylum:  Zisa 1970,text/plain,trees/14697.nex,
14698,,Mobilian Jargon: Mithun 1999,text/plain,trees/14698.nex,
14699,,North American Pidgins and Creoles: Ethnologue 2005,text/plain,trees/14699.nex,
14700,,North American Pidgins and Creoles: Composite,text/plain,trees/14700.nex,
14740,,Shoshonean: Powell 1891,text/plain,trees/14740.nex,
14742,,Wakashan: Powell 1891,text/plain,trees/14742.nex,
14743,,Washoan: Powell 1891,text/plain,trees/14743.nex,
14746,,Yakonan: Powell 1891,text/plain,trees/14746.nex,
14750,,Yuman: Powell 1891,text/plain,trees/14750.nex,
14751,,Zuñian: Powell 1891,text/plain,trees/14751.nex,
14795,,Coahuiltecan: Dryer 2005,text/plain,trees/14795.nex,
14815,,Constructed Languages: Composite,text/plain,trees/14815.nex,
14824,,Pacific Unclassified Languages: Composite,text/plain,trees/14824.nex,
14825,,Sko: Composite,text/plain,trees/14825.nex,
14826,,Sko: Dryer 2005,text/plain,trees/14826.nex,
14833,,Hokan:  Zisa 1970,text/plain,trees/14833.nex,
14836,,Siouan-Catawban: Mithun 1999,text/plain,trees/14836.nex,
14871,,Torricelli: Composite,text/plain,trees/14871.nex,
14897,,Torricelli: Dryer 2005,text/plain,trees/14897.nex,
14899,,Algic: Goddard 1996,text/plain,trees/14899.nex,
14957,,Siouan Macro-Phylum:  Zisa 1970,text/plain,trees/14957.nex,
14959,,Aricapuan Isolate:  Zisa 1970,text/plain,trees/14959.nex,
14966,,Oto-Manguean:  Zisa 1970,text/plain,trees/14966.nex,
14995,,Baenan Isolate:  Zisa 1970,text/plain,trees/14995.nex,
14996,,Hishkaryanan Isolate:  Zisa 1970,text/plain,trees/14996.nex,
14997,,Juman Isolate:  Zisa 1970,text/plain,trees/14997.nex,
14998,,Karankawan Isolate:  Zisa 1970,text/plain,trees/14998.nex,
14999,,Keresan Isolate:  Zisa 1970,text/plain,trees/14999.nex,
15000,,Tarascan Isolate:  Zisa 1970,text/plain,trees/15000.nex,
15001,,Timucuan Isolate:  Zisa 1970,text/plain,trees/15001.nex,
15036,,Natuan Isolate:  Zisa 1970,text/plain,trees/15036.nex,
15037,,South American Isolates: Campbell 1997,text/plain,trees/15037.nex,
15096,,Mije-Sokean: Kaufman 2007,text/plain,trees/15096.nex,
15097,,Totonakan: Kaufman 2007,text/plain,trees/15097.nex,
15115,,Yurimangi: Kaufman 2007,text/plain,trees/15115.nex,
15116,,Timótean: Kaufman 2007,text/plain,trees/15116.nex,
15117,,Hiraharan: Kaufman 2007,text/plain,trees/15117.nex,
15119,,Macro-Paesan Cluster: Kaufman 2007,text/plain,trees/15119.nex,
15120,,Tiniwan: Kaufman 2007,text/plain,trees/15120.nex,
15121,,Macro-Otomakoan: Kaufman 2007,text/plain,trees/15121.nex,
15122,,Wamo-Chapakuran: Kaufman 2007,text/plain,trees/15122.nex,
15157,,African Deaf Sign Languages: Composite,text/plain,trees/15157.nex,
15175,,South American Mixed Languages: Composite,text/plain,trees/15175.nex,
15215,,North American Isolates: Goddard 1996,text/plain,trees/15215.nex,
15217,,Nadene: Goddard 1996,text/plain,trees/15217.nex,
15218,,Kulanapan: Powell 1891,text/plain,trees/15218.nex,
15235,,Guacurian: Campbell 1997,text/plain,trees/15235.nex,
15255,,Eyak-Athabaskan: Campbell 1997,text/plain,trees/15255.nex,
15256,,Na-Dene:  Zisa 1970,text/plain,trees/15256.nex,
15257,,Penutian-Superfamily: Goddard 1996,text/plain,trees/15257.nex,
15258,,California and Plateau Penutian (According to Burman): Campbell 1997,text/plain,trees/15258.nex,
15276,,Algic: Mithun 1999,text/plain,trees/15276.nex,
15295,,Chimakuan: Dryer 2005,text/plain,trees/15295.nex,
15296,,Chimakuan: Powell 1891,text/plain,trees/15296.nex,
15297,,Chumash: Dryer 2005,text/plain,trees/15297.nex,
15298,,Comecrudan: Dryer 2005,text/plain,trees/15298.nex,
15299,,Kalapuyan: Dryer 2005,text/plain,trees/15299.nex,
15300,,Shastean: Powell 1891,text/plain,trees/15300.nex,
15301,,Kusan: Powell 1891,text/plain,trees/15301.nex,
15302,,Waiilatpuan: Powell 1891,text/plain,trees/15302.nex,
15303,,Chimarikan: Powell 1891,text/plain,trees/15303.nex,
15304,,Timacua: Mithun 1999,text/plain,trees/15304.nex,
15305,,Lutuamian: Powell 1891,text/plain,trees/15305.nex,
15306,,Yana: Campbell 1997,text/plain,trees/15306.nex,
15307,,Yana: Mithun 1999,text/plain,trees/15307.nex,
15308,,Yanan: Powell 1891,text/plain,trees/15308.nex,
15309,,Koluschan: Powell 1891,text/plain,trees/15309.nex,
15310,,Haida: Campbell 1997,text/plain,trees/15310.nex,
15311,,Haida: Dryer 2005,text/plain,trees/15311.nex,
15312,,Haida: Mithun 1999,text/plain,trees/15312.nex,
15313,,Skittagetan: Powell 1891,text/plain,trees/15313.nex,
15314,,Wishoskan: Powell 1891,text/plain,trees/15314.nex,
15315,,Weitspekan: Powell 1891,text/plain,trees/15315.nex,
15316,,Salinan: Dryer 2005,text/plain,trees/15316.nex,
15317,,Salinan: Mithun 1999,text/plain,trees/15317.nex,
15318,,Salinan: Powell 1891,text/plain,trees/15318.nex,
15319,,Karok: Dryer 2005,text/plain,trees/15319.nex,
15320,,Karuk: Mithun 1999,text/plain,trees/15320.nex,
15335,,Yukian: Campbell 1997,text/plain,trees/15335.nex,
15336,,Yuki: Ethnologue 2005,text/plain,trees/15336.nex,
15337,,Yuki: Mithun 1999,text/plain,trees/15337.nex,
15338,,Wappo-Yukian: Dryer 2005,text/plain,trees/15338.nex,
15339,,Yukian:  Zisa 1970,text/plain,trees/15339.nex,
15340,,Yukian: Powell 1891,text/plain,trees/15340.nex,
15342,,Yukian: Goddard 1996,text/plain,trees/15342.nex,
15343,,Keresan: Mithun 1999,text/plain,trees/15343.nex,
15347,,North American Isolates: Campbell 1997,text/plain,trees/15347.nex,
15349,,Chimúan: Kaufman 2007,text/plain,trees/15349.nex,
15351,,Macro-Andean Cluster: Kaufman 2007,text/plain,trees/15351.nex,
15360,,Macro-Arawakan: Kaufman 2007,text/plain,trees/15360.nex,
15375,,Jirajaran: Campbell 1997,text/plain,trees/15375.nex,
16075,,Na-Dene:  Krauss 1973,text/plain,trees/16075.nex,
16142,,Caddoan: Composite,text/plain,trees/16142.nex,
16143,,Caddoan: Powell 1891,text/plain,trees/16143.nex,
16235,,"Proto-Karnic, subtree of Pama-Nyungan:  Bowern 1998",text/plain,trees/16235.nex,
16336,,Chibcha-Misumalpan: Kaufman 2007,text/plain,trees/16336.nex,
16355,,Chokó: Kaufman 2007,text/plain,trees/16355.nex,
16356,,Jabutían: Kaufman 2007,text/plain,trees/16356.nex,
16375,,Kariban: Kaufman 2007,text/plain,trees/16375.nex,
16455,,Kwitlateko: Kaufman 2007,text/plain,trees/16455.nex,
16456,,Lenkan:  Kaufman 2007,text/plain,trees/16456.nex,
16457,,Tarasko: Kaufman 2007,text/plain,trees/16457.nex,
16458,,Wave: Kaufman 2007,text/plain,trees/16458.nex,
16459,,Shinkan Complex: Kaufman 2007,text/plain,trees/16459.nex,
16461,,Hokan: Kaufman 2007,text/plain,trees/16461.nex,
16462,,Mayan: Kaufman 2007,text/plain,trees/16462.nex,
16469,,Oto-Mangean: Kaufman 2007,text/plain,trees/16469.nex,
16475,,Macro-Puinávean: Kaufman 2007,text/plain,trees/16475.nex,
16477,,Macro-Tekiraka: Kaufman 2007,text/plain,trees/16477.nex,
16493,,Afro-Asiatic: Ruhlen 1991,text/plain,trees/16493.nex,
16535,,Yuta-Nawan: Kaufman 2007,text/plain,trees/16535.nex,
16555,,Austro-Asiatic: Dryer 2005,text/plain,trees/16555.nex,
16588,,African Mixed Language: Ethnologue 2005,text/plain,trees/16588.nex,
16599,,Takame-Jarúroan: Kaufman 2007,text/plain,trees/16599.nex,
16602,,Macro-Kulyi-Cholonan: Kaufman 2007,text/plain,trees/16602.nex,
16604,,Macro-Lekoan: Kaufman 2007,text/plain,trees/16604.nex,
16610,,Yámana: Kaufman 2007,text/plain,trees/16610.nex,
16611,,Macro-Warpean: Kaufman 2007,text/plain,trees/16611.nex,
16612,,Macro-Waikuruan: Kaufman 2007,text/plain,trees/16612.nex,
16615,,Yanomaman: Kaufman 2007,text/plain,trees/16615.nex,
16616,,Sálivan: Kaufman 2007,text/plain,trees/16616.nex,
16655,,"Adai: Golla, Goddard, Campbell, Mithun, Mixco 2007",text/plain,trees/16655.nex,
16657,,"Algic: Golla, Goddard, Campbell, Mithun, Mixco 2007",text/plain,trees/16657.nex,
16658,,"Alsean: Golla, Goddard, Campbell, Mithun, Mixco 2007",text/plain,trees/16658.nex,
16659,,"Aranama: Golla, Goddard, Campbell, Mithun, Mixco 2007",text/plain,trees/16659.nex,
16660,,"Atakapan: Golla, Goddard, Campbell, Mithun, Mixco 2007",text/plain,trees/16660.nex,
16662,,"Beothuk: Golla, Goddard, Campbell, Mithun, Mixco 2007",text/plain,trees/16662.nex,
16675,,"Calusa: Golla, Goddard, Campbell, Mithun, Mixco 2007",text/plain,trees/16675.nex,
16676,,"Cayuse: Golla, Goddard, Campbell, Mithun, Mixco 2007",text/plain,trees/16676.nex,
16678,,"Chimakuan: Golla, Goddard, Campbell, Mithun, Mixco 2007",text/plain,trees/16678.nex,
16695,,"Caddoan: Golla, Goddard, Campbell, Mithun, Mixco 2007",text/plain,trees/16695.nex,
16698,,"Chimariko: Golla, Goddard, Campbell, Mithun, Mixco 2007",text/plain,trees/16698.nex,
16699,,"Chinookan: Golla, Goddard, Campbell, Mithun, Mixco 2007",text/plain,trees/16699.nex,
16700,,"Chitimacha: Golla, Goddard, Campbell, Mithun, Mixco 2007",text/plain,trees/16700.nex,
16701,,"Chumashan: Golla, Goddard, Campbell, Mithun, Mixco 2007",text/plain,trees/16701.nex,
16702,,"Coahuilteco: Golla, Goddard, Campbell, Mithun, and Mixco 2007",text/plain,trees/16702.nex,
16703,,"Comecrudan: Golla, Goddard, Campbell, Mithun, Mixco 2007",text/plain,trees/16703.nex,
16705,,"Coosan: Golla, Goddard, Campbell, Mithun, Mixco 2007",text/plain,trees/16705.nex,
16706,,"Cotoname: Golla, Goddard, Campbell, Mithun, Mixco 2007",text/plain,trees/16706.nex,
16707,,"Esselen: Golla, Goddard, Campbell, Mithun, Mixco 2007",text/plain,trees/16707.nex,
16708,,"Eskimo-Aleut: Golla, Goddard, Campbell, Mithun, Mixco 2007",text/plain,trees/16708.nex,
16716,,"Kootenai: Golla, Goddard, Campbell, Mithun, Mixco 2007",text/plain,trees/16716.nex,
16717,,"Kiowa-Tanoan: Golla, Goddard, Campbell, Mithun, Mixco 2007",text/plain,trees/16717.nex,
16718,,"Keresan: Golla, Goddard, Campbell, Mithun, Mixco 2007",text/plain,trees/16718.nex,
16719,,"Karuk: Golla, Goddard, Campbell, Mithun, Mixco 2007",text/plain,trees/16719.nex,
16720,,"Karankawa: Golla, Goddard, Campbell, Mithun, Mixco 2007",text/plain,trees/16720.nex,
16723,,"Kalapuyan: Golla, Goddard, Campbell, Mithun, Mixco 2007",text/plain,trees/16723.nex,
16724,,"Haida: Golla, Goddard, Campbell, Mithun, Mixco 2007",text/plain,trees/16724.nex,
16799,,"Iroquoian:  Golla, Goddard, Campbell, Mithun, Mixco 2007",text/plain,trees/16799.nex,
16800,,"Guaicurian: Golla, Goddard, Campbell, Mithun, Mixco 2007",text/plain,trees/16800.nex,
16801,,"Cochimí-Yuman: Golla, Goddard, Campbell, Mithun, Mixco 2007",text/plain,trees/16801.nex,
16816,,Proto-Afroasiatic: Ehret 2000,text/plain,trees/16816.nex,
16817,,Afroasiatic: Hayward 2000,text/plain,trees/16817.nex,
16875,,"Maiduan: Golla, Goddard, Campbell, Mithun, and Mixco 2007",text/plain,trees/16875.nex,
16935,,Aymaran: Campbell 1997,text/plain,trees/16935.nex,
16956,,Jaqi: Hardman 1986,text/plain,trees/16956.nex,
16975,,Macro-Panoan: Kaufman 2007,text/plain,trees/16975.nex,
16995,,"Muskogean: Golla, Goddard, Campbell, Mithun, Mixco 2007",text/plain,trees/16995.nex,
16996,,"Na-Dene: Golla, Goddard, Campbell, Mithun, Mixco 2007",text/plain,trees/16996.nex,
16997,,"Natchez: Golla, Goddard, Campbell, Mithun, Mixco 2007",text/plain,trees/16997.nex,
16998,,"Palaihnihan: Golla, Goddard, Campbell, Mithun, Mixco 2007",text/plain,trees/16998.nex,
16999,,"Plateau: Golla, Goddard, Campbell, Mithun, Mixco 2007",text/plain,trees/16999.nex,
17000,,"Pomoan: Golla, Goddard, Campbell, Mithun, Mixco 2007",text/plain,trees/17000.nex,
17001,,"Solano: Golla, Goddard, Campbell, Mithun, and Mixco 2007",text/plain,trees/17001.nex,
17002,,"Salinan: Golla, Goddard, Campbell, Mithun, Mixco 2007",text/plain,trees/17002.nex,
17003,,"Salishan: Golla, Goddard, Campbell, Mithun, Mixco 2007",text/plain,trees/17003.nex,
17004,,"Siouan-Catawban: Golla, Goddard, Campbell, Mithun, Mixco 2007",text/plain,trees/17004.nex,
17005,,"Shastan: Golla, Goddard, Campbell, Mithun, Mixco 2007",text/plain,trees/17005.nex,
17006,,"Siuslaw: Golla, Goddard, Campbell, Mithun, Mixco 2007",text/plain,trees/17006.nex,
17007,,"Washo: Golla, Goddard, Campbell, Mithun, Mixco 2007",text/plain,trees/17007.nex,
17015,,"Takelman: Golla, Goddard, Campbell, Mithun, Mixco 2007",text/plain,trees/17015.nex,
17016,,"Tonkawa: Golla, Goddard, Campbell, Mithun, Mixco 2007",text/plain,trees/17016.nex,
17017,,"Utian: Golla, Goddard, Campbell, Mithun, Mixco 2007",text/plain,trees/17017.nex,
17018,,"Tunica: Golla, Goddard, Campbell, Mithun, Mixco 2007",text/plain,trees/17018.nex,
17019,,"Tsimshianic: Golla, Goddard, Campbell, Mithun, Mixco 2007",text/plain,trees/17019.nex,
17021,,"Timucuan: Golla, Goddard, Campbell, Mithun, Mixco 2007",text/plain,trees/17021.nex,
17022,,"Zuni: Golla, Goddard, Campbell, Mithun, Mixco 2007",text/plain,trees/17022.nex,
17035,,"Wintuan: Golla, Goddard, Campbell, Mithun, Mixco 2007",text/plain,trees/17035.nex,
17037,,"Yana: Golla, Goddard, Campbell, Mithun, Mixco 2007",text/plain,trees/17037.nex,
17038,,"Yuchi: Golla, Goddard, Campbell, Mithun, Mixco 2007",text/plain,trees/17038.nex,
17039,,"Yokuts: Golla, Goddard, Campbell, Mithun, Mixco 2007",text/plain,trees/17039.nex,
17040,,"Yukian: Golla, Goddard, Campbell, Mithun, Mixco 2007",text/plain,trees/17040.nex,
17056,,Altaische: Ramstedt 1957,text/plain,trees/17056.nex,
17157,,Timotean: Composite,text/plain,trees/17157.nex,
17158,,Chonan: Composite,text/plain,trees/17158.nex,
17159,,Barbacoan: Composite,text/plain,trees/17159.nex,
17160,,Mosetenan: Composite,text/plain,trees/17160.nex,
17161,,Chocoan: Composite,text/plain,trees/17161.nex,
17163,,Huarpean: Composite,text/plain,trees/17163.nex,
17178,,"North American Unclassified Languages: Golla, Goddard, Campbell, Mithun, Mixco 2007",text/plain,trees/17178.nex,
17217,,Macro-Tupí-Karibe: Kaufman 2007,text/plain,trees/17217.nex,
17218,,Pano-Tacanan: Composite,text/plain,trees/17218.nex,
17219,,Cholonan: Composite,text/plain,trees/17219.nex,
17221,,Jivaroan: Composite,text/plain,trees/17221.nex,
17222,,Cahuapanan: Composite,text/plain,trees/17222.nex,
17236,,Kechumaran: Kaufman 2007,text/plain,trees/17236.nex,
17237,,Quechuan: Composite,text/plain,trees/17237.nex,
17238,,Jaqi: Composite,text/plain,trees/17238.nex,
17239,,Guajiboan: Composite,text/plain,trees/17239.nex,
17255,,Cañar-Puruhá: Composite,text/plain,trees/17255.nex,
17256,,Otomacoan: Composite,text/plain,trees/17256.nex,
17258,,Salishan:  Thomason 2006,text/plain,trees/17258.nex,
17259,,Harákmbut-Katukinan: Composite,text/plain,trees/17259.nex,
17277,,Kaweskar: Kaufman 2007,text/plain,trees/17277.nex,
17279,,Huitotoan: Composite,text/plain,trees/17279.nex,
17297,,Salish:  Czaykowska-Higgins and Kinkade 1998,text/plain,trees/17297.nex,
17316,,Salishan: Composite,text/plain,trees/17316.nex,
17395,,Afro-Asiatic: Composite,text/plain,trees/17395.nex,
17442,,Carib: Composite,text/plain,trees/17442.nex,
17455,,Purian: Composite,text/plain,trees/17455.nex,
17456,,Jabutían: Composite,text/plain,trees/17456.nex,
17457,,Kamakanan: Composite,text/plain,trees/17457.nex,
17458,,Karirian: Composite,text/plain,trees/17458.nex,
17462,,Chapacuran: Composite,text/plain,trees/17462.nex,
17463,,Bororoan: Composite,text/plain,trees/17463.nex,
17464,,Jirajaran: Composite,text/plain,trees/17464.nex,
17466,,Krenakan: Composite,text/plain,trees/17466.nex,
17467,,Tiniguan: Composite,text/plain,trees/17467.nex,
17469,,Jêan: Composite,text/plain,trees/17469.nex,
17474,,Lule-Vilelan: Composite,text/plain,trees/17474.nex,
17476,,Chibchan: Composite,text/plain,trees/17476.nex,
17478,,Guaicuruan: Composite,text/plain,trees/17478.nex,
17479,,Matacoan: Composite,text/plain,trees/17479.nex,
17480,,Chipaya-Uru: Composite,text/plain,trees/17480.nex,
17481,,Charrúan: Composite,text/plain,trees/17481.nex,
17482,,Sechura-Catacaoan: Composite,text/plain,trees/17482.nex,
17483,,Mascoyan: Composite,text/plain,trees/17483.nex,
17484,,Muran: Composite,text/plain,trees/17484.nex,
17485,,Yaguan: Composite,text/plain,trees/17485.nex,
17487,,Zaparoan: Composite,text/plain,trees/17487.nex,
17488,,Zamucoan: Composite,text/plain,trees/17488.nex,
17496,,Nambikuaran: Kaufman 2007,text/plain,trees/17496.nex,
17507,,Nambiquaran: Composite,text/plain,trees/17507.nex,
17509,,Arawan: Composite,text/plain,trees/17509.nex,
17518,,Carib: Ethnologue 2005,text/plain,trees/17518.nex,
17519,,Paezan: Composite,text/plain,trees/17519.nex,
17521,,Tukanoan: Kaufman 2007,text/plain,trees/17521.nex,
17522,,Tukanoan: Composite,text/plain,trees/17522.nex,
17523,,Arawakan: Composite,text/plain,trees/17523.nex,
17538,,"Uto-Aztecan: Golla, Goddard, Campbell, Mithun, Mixco 2007",text/plain,trees/17538.nex,
17560,,Arafundi: Composite,text/plain,trees/17560.nex,
17615,,"Sino-Tibetan: Thurgood, LaPolla 2003",text/plain,trees/17615.nex,
17642,,Sino-Tibetan: Benedict 1972,text/plain,trees/17642.nex,
17655,,Mayan: Composite,text/plain,trees/17655.nex,
17656,,Mixe-Zoque: Composite,text/plain,trees/17656.nex,
17657,,Xincan: Composite,text/plain,trees/17657.nex,
17660,,Lencan: Composite,text/plain,trees/17660.nex,
17661,,Totonacan: Composite,text/plain,trees/17661.nex,
17662,,Hokan: Composite,text/plain,trees/17662.nex,
17698,,Macro-Arawakan: Campbell 1997,text/plain,trees/17698.nex,
17699,,Dravidian: Ethnologue 2005,text/plain,trees/17699.nex,
17701,,Cant: Ethnologue 2005,text/plain,trees/17701.nex,
17702,,Artifical Languages: Ethnologue 2005,text/plain,trees/17702.nex,
17715,,Central American Isolates: Composite,text/plain,trees/17715.nex,
17716,,Gentium Boreo-Orientalium Vulgo Tatarorum Harmonia Linguarum: von Strahlenberg 1730,text/plain,trees/17716.nex,
17792,,Altaic: Composite,text/plain,trees/17792.nex,
17793,,"Turkic: Csató, Johanson 1998",text/plain,trees/17793.nex,
17795,,Austronesian: Composite,text/plain,trees/17795.nex,
17835,,Pomoan: Composite,text/plain,trees/17835.nex,
17836,,European Unclassified Languages: Composite,text/plain,trees/17836.nex,
17858,,"Finnisch-ugrische Sprachen, subtree of Uralic: Haarmann, Haarmann 1974",text/plain,trees/17858.nex,
17859,,Adaizan: Powell 1891,text/plain,trees/17859.nex,
17876,,East Papuan: Wurm 1982,text/plain,trees/17876.nex,
17895,,European Deaf Sign Languages: Composite,text/plain,trees/17895.nex,
17897,,European Deaf Sign Language: Ethnologue 2005,text/plain,trees/17897.nex,
17900,,Central American Deaf Sign Languages: Composite,text/plain,trees/17900.nex,
17901,,Central American Deaf Sign Langauge: Ethnologue 2005,text/plain,trees/17901.nex,
17902,,South American Deaf Sign Language: Ethnologue 2005,text/plain,trees/17902.nex,
17903,,South American Deaf Sign Languages: Composite,text/plain,trees/17903.nex,
17906,,North American Deaf Sign Language: Ethnologue 2005,text/plain,trees/17906.nex,
17915,,Asian Deaf Sign Language: Ethnologue 2005,text/plain,trees/17915.nex,
17918,,Australian Deaf Sign Languages: Composite,text/plain,trees/17918.nex,
17922,,Australian Sign Language: Ethnologue 2005,text/plain,trees/17922.nex,
17923,,Australian Deaf Sign Language: Ethnologue 2005,text/plain,trees/17923.nex,
17935,,East Caucasian: Composite,text/plain,trees/17935.nex,
17955,,Gunwinyguan-Tangkic-Karrwan-Pama-Nyungan: Evans and Jones 1997,text/plain,trees/17955.nex,
17975,,Proto-Uralic: Janhunen 2001,text/plain,trees/17975.nex,
17995,,Nyulnyulan: McGregor and Stokes 2003,text/plain,trees/17995.nex,
18015,,Misumalpan: Composite,text/plain,trees/18015.nex,
18016,,Karajá: Composite,text/plain,trees/18016.nex,
18017,,Makúan: Composite,text/plain,trees/18017.nex,
18035,,Alsean: Composite,text/plain,trees/18035.nex,
18036,,Chimakuan: Composite,text/plain,trees/18036.nex,
18037,,Chinookan: Composite,text/plain,trees/18037.nex,
18038,,Coosan: Composite,text/plain,trees/18038.nex,
18039,,Kalapuyan: Composite,text/plain,trees/18039.nex,
18040,,Maidu: Composite,text/plain,trees/18040.nex,
18041,,Plateau Penutian: Composite,text/plain,trees/18041.nex,
18042,,Siuslaw: Composite,text/plain,trees/18042.nex,
18043,,Takelman: Composite,text/plain,trees/18043.nex,
18044,,Tsimshianic: Composite,text/plain,trees/18044.nex,
18049,,Utian: Composite,text/plain,trees/18049.nex,
18050,,Wintuan: Composite,text/plain,trees/18050.nex,
18053,,Yokuts: Composite,text/plain,trees/18053.nex,
18056,,Tupi: Composite,text/plain,trees/18056.nex,
18075,,Chumashan: Composite,text/plain,trees/18075.nex,
18076,,Yuki: Composite,text/plain,trees/18076.nex,
18099,,"Tupían: Rodrigues, Cabral [in press]",text/plain,trees/18099.nex,
18197,,Cochimí-Yuman: Composite,text/plain,trees/18197.nex,
18198,,Shastan: Composite,text/plain,trees/18198.nex,
18199,,Comecrudan: Composite,text/plain,trees/18199.nex,
18200,,Coahuilteco: Composite,text/plain,trees/18200.nex,
18201,,"Wakashan: Golla, Goddard, Campbell, Mithun, Mixco 2007",text/plain,trees/18201.nex,
18202,,Wakashan: Composite,text/plain,trees/18202.nex,
18215,,Siouan-Catawaban: Composite,text/plain,trees/18215.nex,
18216,,Kiowa-Tanoan: Composite,text/plain,trees/18216.nex,
18217,,Yanyi: Breen 2003,text/plain,trees/18217.nex,
18218,,"Proto Gunwinyguan: Alpher, Evans, and Harvey 2003",text/plain,trees/18218.nex,
18221,,Eskimo-Aleut: Composite,text/plain,trees/18221.nex,
18235,,Iroquoian: Composite,text/plain,trees/18235.nex,
18257,,"Proto Thura-Yura, subtree of Pama-Nyungan: Hercus and Simpson 2004",text/plain,trees/18257.nex,
18297,,"Northern Paman, subtree of Pama-Nyungan: Hale 1964",text/plain,trees/18297.nex,
18315,,Yirram-Barkly: Chadwick 1997,text/plain,trees/18315.nex,
18376,,Proto Arnhem: Green 2003,text/plain,trees/18376.nex,
18377,,Eastern Daly: Harvey 2003,text/plain,trees/18377.nex,
18395,,Southern Daly: Green 2003,text/plain,trees/18395.nex,
18396,,Gunwinyguan: Baker 2004,text/plain,trees/18396.nex,
18437,,Dravidian-Uralian: Burrows 1968,text/plain,trees/18437.nex,
18475,,Proto Mirndi: Harvey 2008,text/plain,trees/18475.nex,
18816,,Indo-Chinese: Li 1973,text/plain,trees/18816.nex,
18835,,Limilngan-Wuna: Harvey 2001,text/plain,trees/18835.nex,
18855,,"Worrorran: McGregor, Rumsey 2009",text/plain,trees/18855.nex,
18875,,Proto-Iwaidjan: Evans 1998,text/plain,trees/18875.nex,
18896,,Minkin-Tangkic: Evans 1990,text/plain,trees/18896.nex,
18898,,Australian Phylum: Evans 1995,text/plain,trees/18898.nex,
18916,,Austronesian: Blench 2004,text/plain,trees/18916.nex,
18935,,Niger-Congo: Williamson 1989,text/plain,trees/18935.nex,
18955,,Athabaskan-Eyak-Tlingit: Composite,text/plain,trees/18955.nex,
18975,,Daly: Tryon 1974,text/plain,trees/18975.nex,
19036,,Proto-Mirndi: Green and Nordlinger 2004,text/plain,trees/19036.nex,
19058,,Trans New Guinea: Foley 2000,text/plain,trees/19058.nex,
19075,,Algic: Composite,text/plain,trees/19075.nex,
19095,,Proto-Iwaidjan: Evans 2000,text/plain,trees/19095.nex,
19115,,Macro-Páesan Cluster: Campbell 1997,text/plain,trees/19115.nex,
19116,,Macro-Andean cluster: Campbell 1997,text/plain,trees/19116.nex,
19117,,Macro-Lekoan cluster: Campbell 1997,text/plain,trees/19117.nex,
19118,,Macro-Waikurúan Cluster: Campbell 1997,text/plain,trees/19118.nex,
19119,,Macro-Pánoan cluster: Campbell 1997,text/plain,trees/19119.nex,
19121,,Macro-Otomákoan: Campbell 1997,text/plain,trees/19121.nex,
19137,,Macro-Warpean cluster: Campbell 1997,text/plain,trees/19137.nex,
19138,,Macro-Puinávean: Campbell 1997,text/plain,trees/19138.nex,
19318,,Mirndi: Composite,text/plain,trees/19318.nex,
19320,,"North Afroasiatic, Subtree of Afroasiatic: Asher & Moseley 2007",text/plain,trees/19320.nex,
19375,,Macrolanguages,text/plain,trees/19375.nex,
19395,,Nyulnyulan: Bowern 2004,text/plain,trees/19395.nex,
19415,,Yanyi: Composite,text/plain,trees/19415.nex,
19437,,"Darling River Group, subtree of Pama-Nyungan: Wafer and Lissarrague 2008",text/plain,trees/19437.nex,
19455,,Worrorran: McGregor 1988,text/plain,trees/19455.nex,
19476,,"Yarli, subtree of Pama-Nyungan: Austin and Hercus 2004",text/plain,trees/19476.nex,
19495,,"Yarli, subtree of Pama-Nyungan: Lissarrague and Wafer 2008",text/plain,trees/19495.nex,
19516,,Worrorran: McGregor 2008,text/plain,trees/19516.nex,
19536,,Proto-Northern Kimberley: Capell and Coate 1984,text/plain,trees/19536.nex,
19537,,Worrorran: Composite,text/plain,trees/19537.nex,
19555,,Limilngan-Wuna: Composite,text/plain,trees/19555.nex,
19595,,Southern Daly: Composite,text/plain,trees/19595.nex,
19655,,Indo-European: Composite,text/plain,trees/19655.nex,
19675,,Marra-Alawic: Merlan 2003,text/plain,trees/19675.nex,
19695,,Amerind: Greenberg 1987,text/plain,trees/19695.nex,
19696,,Macro-Je Cluster: Campbell 1997,text/plain,trees/19696.nex,
19697,,Macro-Je: Kaufman 2007,text/plain,trees/19697.nex,
19699,,Maxakalian: Composite,text/plain,trees/19699.nex,
19715,,Proto-Australian: Evans 2005,text/plain,trees/19715.nex,
19735,,Tiwi: Tryon 2007,text/plain,trees/19735.nex,
19736,,Laragiyan: Tryon 2007,text/plain,trees/19736.nex,
19738,,Gungaragany: Tryon 2007,text/plain,trees/19738.nex,
19740,,Limilngan: Tryon 2007,text/plain,trees/19740.nex,
19741,,Umbugarla-Ngumbur: Tryon 2007,text/plain,trees/19741.nex,
19742,,Gagudju: Tryon 2007,text/plain,trees/19742.nex,
19743,,Giimbiyu: Tryon 2007,text/plain,trees/19743.nex,
19744,,Iwaidjan: Tryon 2007,text/plain,trees/19744.nex,
19745,,Anson Bay: Tryon 2007,text/plain,trees/19745.nex,
19746,,Western Daly: Tryon 2007,text/plain,trees/19746.nex,
19747,,Northern Daly: Tryon 2007,text/plain,trees/19747.nex,
19748,,Eastern Daly: Tryon 2007,text/plain,trees/19748.nex,
19749,,Southern Daly: Tryon 2007,text/plain,trees/19749.nex,
19750,,Mindi: Tryon 2007,text/plain,trees/19750.nex,
19765,,Wardaman: Tryon 2007,text/plain,trees/19765.nex,
19786,,Nyulnyulan: Composite,text/plain,trees/19786.nex,
19787,,Daly: Composite,text/plain,trees/19787.nex,
19789,,Gunwinyguan: Composite,text/plain,trees/19789.nex,
19805,,Australian Isolates:  Composite,text/plain,trees/19805.nex,
19806,,Arnhem: Composite,text/plain,trees/19806.nex,
19807,,Eastern Daly: Composite,text/plain,trees/19807.nex,
19808,,Bunuban: Composite,text/plain,trees/19808.nex,
19827,,Tiwian: Composite,text/plain,trees/19827.nex,
19865,,Tungusic: Composite,text/plain,trees/19865.nex,
19866,,Turkic: Composite,text/plain,trees/19866.nex,
19867,,Mongolian: Composite,text/plain,trees/19867.nex,
19891,,Sino-Tibetan: Ethnologue 2009,text/plain,trees/19891.nex,
19906,,Xukuruan,text/plain,trees/19906.nex,
19926,,Gunwinyguan: Tryon 2007,text/plain,trees/19926.nex,
19927,,Maningrida: Tryon 2007,text/plain,trees/19927.nex,
19928,,Enindhilyagwa: Tryon 2007,text/plain,trees/19928.nex,
19929,,Maran: Tryon 2007,text/plain,trees/19929.nex,
19931,,Garawan: Tryon 2007,text/plain,trees/19931.nex,
19932,,Jarrakan: Tryon 2007,text/plain,trees/19932.nex,
19933,,Northern Kimberley: Tryon 2007,text/plain,trees/19933.nex,
19934,,Bunaban: Tryon 2007,text/plain,trees/19934.nex,
19935,,Nyulnyulan: Tryon 2007,text/plain,trees/19935.nex,
19936,,Tangic: Tryon 2007,text/plain,trees/19936.nex,
19970,,Algonquian: Teeter 1973,text/plain,trees/19970.nex,
19985,,Trans New Guinea: Pawley 2005,text/plain,trees/19985.nex,
20026,,Vanuatu: Senft 2010,text/plain,trees/20026.nex,
20105,,Algonkin-Wakashan: Sapir 1968,text/plain,trees/20105.nex,
20116,,Aztec-Tanoan: Sapir 1949,text/plain,trees/20116.nex,
20126,,Torricelli Phylum: Laycock 1975,text/plain,trees/20126.nex,
20128,,"Gan (dialects): Wurm, Yongquan 1987",text/plain,trees/20128.nex,
20129,,"Southwestern Mandarin (dialects): Wurm, Yongquan 1987",text/plain,trees/20129.nex,
20146,,Penutian: Sapir 1949,text/plain,trees/20146.nex,
20151,,Hokan-Siouan: Sapir 1949,text/plain,trees/20151.nex,
20246,,Sino-Tibetan: Voegelin & Voegelin 1977,text/plain,trees/20246.nex,
20268,,Tai-Kadai: Diller 2008,text/plain,trees/20268.nex,
20425,,Sino-Tibetan: Composite,text/plain,trees/20425.nex,
20453,,Sino-Tibetan: Shafer 1955,text/plain,trees/20453.nex,
20457,,Tai-Kadai: Ethnologue 2009,text/plain,trees/20457.nex,
20466,,"Daughter Languages of Kadai (subtree of Tai-Kadai): Shi, Cui 1991",text/plain,trees/20466.nex,
20467,,"Mande, subtree of Niger-Congo: Vydrin 2009, 2012",text/plain,trees/20467.nex,
20485,,Austro-Thai: Benedict 1975,text/plain,trees/20485.nex,
20505,,Niger-Congo: Bennett and Sterk 1977,text/plain,trees/20505.nex,
20587,,Australian Linguistic Prehistory: Wurm 1972,text/plain,trees/20587.nex,
20605,,West Benue-Congo: Elugbe 2011,text/plain,trees/20605.nex,
20629,,Kam Dialects (subtree of Tai-Kadai): Yang 1988,text/plain,trees/20629.nex,
20666,,Niger-Congo: Williamson and Blench 2000,text/plain,trees/20666.nex,
20686,,Niger-Congo: Blench 2012,text/plain,trees/20686.nex,
20705,,"Mon-Khmer, subtree of Austro-Asiatic: Bradley 2007",text/plain,trees/20705.nex,
20706,,"Chinese (dialects): Wurm, Yongquan 1987",text/plain,trees/20706.nex,
20728,,"Chong dialects, subtree of Mon-Khmer (Austro-Asiatic): Isara 2002",text/plain,trees/20728.nex,
20785,,Aryan (subtree of Indo-European): Grierson 1903,text/plain,trees/20785.nex,
20787,,Nilo-Saharan: Blench 2012,text/plain,trees/20787.nex,
20788,,Aimara: Krickeberg & Jimenez Moreno 1937,text/plain,trees/20788.nex,
20789,,Araguaco: Krickeberg & Jimenez Moreno 1937,text/plain,trees/20789.nex,
20790,,Aruacana: Krickeberg & Jimenez Moreno 1937,text/plain,trees/20790.nex,
20791,,Caribe: Krickeberg & Jimenez Moreno 1937,text/plain,trees/20791.nex,
20794,,Charrúa: Krickeberg & Jimenez Moreno 1937,text/plain,trees/20794.nex,
20795,,Chibcha: Krickeberg & Jimenez Moreno 1937,text/plain,trees/20795.nex,
20796,,Diaguita: Krickeberg & Jimenez Moreno 1937,text/plain,trees/20796.nex,
20798,,Ges: Krickeberg & Jimenez Moreno 1937,text/plain,trees/20798.nex,
20799,,Guaycurú: Krickeberg & Jimenez Moreno 1937,text/plain,trees/20799.nex,
20800,,Pano: Krickeberg & Jimenez Moreno 1937,text/plain,trees/20800.nex,
20801,,Puelche: Krickeberg & Jimenez Moreno 1937,text/plain,trees/20801.nex,
20802,,Quechua: Krickeberg & Jimenez Moreno 1937,text/plain,trees/20802.nex,
20810,,Tehuelche: Krickeberg & Jimenez Moreno 1937,text/plain,trees/20810.nex,
20811,,Tucano: Krickeberg & Jimenez Moreno 1937,text/plain,trees/20811.nex,
20813,,Tupi-Guarani: Krickeberg & Jimenez Moreno 1937,text/plain,trees/20813.nex,
20825,,"Mon-Khmer, subtree of Austro-Asiatic: Thomas 1966",text/plain,trees/20825.nex,
20826,,"Bahnaric, subtree of Mon-Khmer (Austro-Asiatic): Thomas 1979",text/plain,trees/20826.nex,
20845,,"Pearic, subtree of Mon-Khmer (Austo-Asiatic): Headley 1985",text/plain,trees/20845.nex,
20866,,Khoisan: Güldemann and Vossen 2000,text/plain,trees/20866.nex,
20908,,Dogon: Heath 2012,text/plain,trees/20908.nex,
20926,,South American Isolates: Krickeberg & Jimenez Moreno 1937,text/plain,trees/20926.nex,
20927,,"Vietic, subtree of Mon-Khmer: Hayes 1992",text/plain,trees/20927.nex,
20928,,"Lower Cross, subtree of Niger-Congo: Connell 1994",text/plain,trees/20928.nex,
20945,,"Aslian, subtree of Mon-Khmer (Austro-Asiatic): Benjamin 1976",text/plain,trees/20945.nex,
20965,,Dakoid (Benue-Congo): Ethnologue 2009,text/plain,trees/20965.nex,
20992,,Penutian: Swadesh 1956,text/plain,trees/20992.nex,
21005,,Nilo-Saharan: Ehret 2001,text/plain,trees/21005.nex,
21026,,Lower Fungom Languages: Good et al 2012,text/plain,trees/21026.nex,
21027,,Arigidi (Yoruba) Dialect Cluster: Oshodi 2012,text/plain,trees/21027.nex,
21045,,Benue-Congo Subgroups: Ethnologue 2009,text/plain,trees/21045.nex,
21046,,Defoid (Benue-Congo): Ethnologue 2009,text/plain,trees/21046.nex,
21047,,Central Narrow Bantu E: Ethnologue 2009,text/plain,trees/21047.nex,
21048,,Central Narrow Bantu M: Ethnologue 2009,text/plain,trees/21048.nex,
21050,,Central Narrow Bantu J: Ethnologue 2009,text/plain,trees/21050.nex,
21051,,Nyo languages (Volta-Congo): Ethnologue 2009,text/plain,trees/21051.nex,
21065,,Austroasiatic: Diffloth 1974,text/plain,trees/21065.nex,
21066,,"Central Delta, subtree of Niger-Congo: Ethnologue 2009",text/plain,trees/21066.nex,
21087,,"Dogon, subtree of Niger-Congo: Ethnologue 2009",text/plain,trees/21087.nex,
21088,,Totonacan: Ethnologue 2009,text/plain,trees/21088.nex,
21105,,"Pwo Karen dialects, subtree of Sino-Tibetan: Phillips 1996",text/plain,trees/21105.nex,
21106,,"Mon-Khmer, subtree of Austro-Asiatic: Thomas 1973",text/plain,trees/21106.nex,
21126,,"Central Plateau, subtree of Niger-Congo: Ethnologue 2009",text/plain,trees/21126.nex,
21146,,"Oromo, subtree of Afro-Asiatic: Heine & Möhlig 1981",text/plain,trees/21146.nex,
21165,,"Sorbische Dialekten, subtree of Indo-European: Faßke, Jentsch, Michalk & Mětšk 1965",text/plain,trees/21165.nex,
21167,,Austronesian: Murdock 1964,text/plain,trees/21167.nex,
21186,,"Mayan: Gatschet 1895, according to Campbell 1973",text/plain,trees/21186.nex,
21205,,East New Britain: Ethnologue 2009,text/plain,trees/21205.nex,
21206,,Eastern Trans-Fly: Ethnologue 2009,text/plain,trees/21206.nex,
21207,,Japonic: Ethnologue 2009,text/plain,trees/21207.nex,
21208,,Kaure: Ethnologue 2009,text/plain,trees/21208.nex,
21209,,Border (Border Trans-New Guinea): Ethnologue 2009,text/plain,trees/21209.nex,
21210,,Central Solomons: Ethnologue 2009,text/plain,trees/21210.nex,
21211,,Chukotko-Kamchatkan: Ethnologue 2009,text/plain,trees/21211.nex,
21212,,Lakes Plain: Ethnologue 2009,text/plain,trees/21212.nex,
21213,,East Bird's Head-Sentani: Ethnologue 2009,text/plain,trees/21213.nex,
21214,,East Geelvink Bay: Ethnologue 2009,text/plain,trees/21214.nex,
21225,,North Brazil: Ethnologue 2009,text/plain,trees/21225.nex,
21226,,Pauwasi: Ethnologue 2009,text/plain,trees/21226.nex,
21227,,Piawi: Ethnologue 2009,text/plain,trees/21227.nex,
21228,,Ramu-Lower Sepik: Ethnologue 2009,text/plain,trees/21228.nex,
21229,,Mairasi: Ethnologue 2009,text/plain,trees/21229.nex,
21230,,Maybrat: Ethnologue 2009,text/plain,trees/21230.nex,
21231,,Mongol-Langam: Ethnologue 2009,text/plain,trees/21231.nex,
21232,,Senagi: Ethnologue 2009,text/plain,trees/21232.nex,
21233,,Nimboran: Ethnologue 2009,text/plain,trees/21233.nex,
21234,,North Bougainville: Ethnologue 2009,text/plain,trees/21234.nex,
21246,,Mayan: Campbell & Kaufman 1985,text/plain,trees/21246.nex,
21265,,Tor-Kwerba: Ethnologue 2009,text/plain,trees/21265.nex,
21266,,Yele-West New Britain: Ethnologue 2009,text/plain,trees/21266.nex,
21267,,Yuat: Ethnologue 2009,text/plain,trees/21267.nex,
21268,,Sepik: Ethnologue 2009,text/plain,trees/21268.nex,
21269,,Somahai: Ethnologue 2009,text/plain,trees/21269.nex,
21270,,South Bougainville: Ethnologue 2009,text/plain,trees/21270.nex,
21271,,South-Central Papuan: Ethnologue 2009,text/plain,trees/21271.nex,
21272,,Tequistlatecan: Ethnologue 2009,text/plain,trees/21272.nex,
21285,,"Northern Jos, subtree of Niger-Congo: Ethnologue 2009",text/plain,trees/21285.nex,
21328,,Indo-European: Ethnologue 2009,text/plain,trees/21328.nex,
21345,,Niger-Congo: Composite,text/plain,trees/21345.nex,
21385,,"Oromo dialects, subtree of Afro-Asiatic: Heine & Möhlig 1981",text/plain,trees/21385.nex,
21405,,Asian Deaf Sign Languages: Composite,text/plain,trees/21405.nex,
21508,,"Mon-Khmer, subtree of Austro-Asiatic: Voegelin & Voegelin 1966",text/plain,trees/21508.nex,
21545,,Pama-Nyungan: Tryon 2007,text/plain,trees/21545.nex,
21548,,Australian: Ruhlen 1991,text/plain,trees/21548.nex,
21549,,"Australian Macro-Phylum: O'Grady, Voegelin, Voegelin 1966",text/plain,trees/21549.nex,
21550,,Australian: Dryer 2005,text/plain,trees/21550.nex,
21600,,Yiwaidjan: Composite,text/plain,trees/21600.nex,
21605,,"Proto-Karnic, subtree of Pama-Nyungan:  Bowern 2009",text/plain,trees/21605.nex,
21625,,Basque: Ethnologue 2009,text/plain,trees/21625.nex,
21645,,Dravidian: Ethnologue 2009,text/plain,trees/21645.nex,
21665,,Hokan: Ethnologue 2009,text/plain,trees/21665.nex,
21666,,Nambiquaran: Ethnologue 2009,text/plain,trees/21666.nex,
21685,,Japonic: Ethnologue 2013,text/plain,trees/21685.nex,
21705,,Hmong-Mien: Ethnologue 2009,text/plain,trees/21705.nex,
21745,,Arai-Kwomtari: Ethnologue 2009,text/plain,trees/21745.nex,
21767,,Zaparoan: Ethnologue 2013,text/plain,trees/21767.nex,
21768,,Caddoan: Ethnologue 2013,text/plain,trees/21768.nex,
21786,,"Daic, subtree of Austro-Tai: Ruhlen 1991",text/plain,trees/21786.nex,
21805,,Kwomtari: Baron 1983,text/plain,trees/21805.nex,
21825,,Kwomtari: Laycock 1975,text/plain,trees/21825.nex,
21826,,Left May: Laycock 1975,text/plain,trees/21826.nex,
21828,,Sko: Laycock 1975,text/plain,trees/21828.nex,
21845,,Island Melanesian Papuan: Dunn 2005,text/plain,trees/21845.nex,
21847,,West Oceanic: Dunn 2005,text/plain,trees/21847.nex,
21885,,Border: Ethnologue 2013,text/plain,trees/21885.nex,
21905,,"Arawakan: Campbell, Grondona 2012",text/plain,trees/21905.nex,
21906,,"Arawan: Campbell, Grondona 2012",text/plain,trees/21906.nex,
21907,,"Aymaran: Campbell, Grondona 2012",text/plain,trees/21907.nex,
21908,,"Barbacoan: Campbell, Grondona 2012",text/plain,trees/21908.nex,
21909,,"Bororoan: Campbell, Grondona 2012",text/plain,trees/21909.nex,
21910,,"Cahuapanan: Campbell, Grondona 2012",text/plain,trees/21910.nex,
21911,,"Cañar-Puruhá: Campbell, Grondona 2012",text/plain,trees/21911.nex,
21912,,"Cariban: Campbell, Grondona 2012",text/plain,trees/21912.nex,
21913,,"Chapacuran: Campbell, Grondona 2012",text/plain,trees/21913.nex,
21926,,"Charrúan: Campbell, Grondona 2012",text/plain,trees/21926.nex,
21927,,"Chibchan: Campbell, Grondona 2012",text/plain,trees/21927.nex,
21928,,"Chipaya-Uru: Campbell, Grondona 2012",text/plain,trees/21928.nex,
21929,,"Chocoan: Campbell, Grondona 2012",text/plain,trees/21929.nex,
21930,,"Cholonan: Campbell, Grondona 2012",text/plain,trees/21930.nex,
21931,,"Chonan: Campbell, Grondona 2012",text/plain,trees/21931.nex,
21932,,"Guaicuruan: Campbell, Grondona 2012",text/plain,trees/21932.nex,
21933,,"Guajiboan: Campbell, Grondona 2012",text/plain,trees/21933.nex,
21934,,"Harákmbut-Katukinan: Campbell, Grondona 2012",text/plain,trees/21934.nex,
21935,,"Huarpean: Campbell, Grondona 2012",text/plain,trees/21935.nex,
21936,,"Huitotoan: Campbell, Grondona 2012",text/plain,trees/21936.nex,
21937,,"Jabutían: Campbell, Grondona 2012",text/plain,trees/21937.nex,
21938,,"Jêan: Campbell, Grondona 2012",text/plain,trees/21938.nex,
21939,,"Jirajaran: Campbell, Grondona 2012",text/plain,trees/21939.nex,
21940,,"Jivaroan: Campbell, Grondona 2012",text/plain,trees/21940.nex,
21941,,"Kamakanan: Campbell, Grondona 2012",text/plain,trees/21941.nex,
21942,,"Karajá: Campbell, Grondona 2012",text/plain,trees/21942.nex,
21943,,"Karirian: Campbell, Grondona 2012",text/plain,trees/21943.nex,
21944,,"Kaweskaran: Campbell, Grondona 2012",text/plain,trees/21944.nex,
21945,,"Krenakan: Campbell, Grondona 2012",text/plain,trees/21945.nex,
21946,,"Lule-Vilelan: Campbell, Grondona 2012",text/plain,trees/21946.nex,
21947,,"Makúan: Campbell, Grondona 2012",text/plain,trees/21947.nex,
21948,,"Mascoyan: Campbell, Grondona 2012",text/plain,trees/21948.nex,
21949,,"Matacoan: Campbell, Grondona 2012",text/plain,trees/21949.nex,
21950,,"Maxakalían: Campbell, Grondona 2012",text/plain,trees/21950.nex,
21951,,"Mosetenan: Campbell, Grondona 2012",text/plain,trees/21951.nex,
21952,,"Muran: Campbell, Grondona 2012",text/plain,trees/21952.nex,
21953,,"Nambiquaran: Campbell, Grondona 2012",text/plain,trees/21953.nex,
21954,,"Otomacoan: Campbell, Grondona 2012",text/plain,trees/21954.nex,
21955,,"Paezan: Campbell, Grondona 2012",text/plain,trees/21955.nex,
21956,,"Pano-Tacanan: Campbell, Grondona 2012",text/plain,trees/21956.nex,
21957,,"Purían: Campbell, Grondona 2012",text/plain,trees/21957.nex,
21958,,"Quechuan: Campbell, Grondona 2012",text/plain,trees/21958.nex,
21959,,"Sáliban: Campbell, Grondona 2012",text/plain,trees/21959.nex,
21960,,"Sechura-Catacaoan: Campbell, Grondona 2012",text/plain,trees/21960.nex,
21961,,"South American Isolates: Campbell, Grondona 2012",text/plain,trees/21961.nex,
21962,,"Timotean: Campbell, Grondona 2012",text/plain,trees/21962.nex,
21963,,"Tiniguan: Campbell, Grondona 2012",text/plain,trees/21963.nex,
21964,,"Tukanoan: Campbell, Grondona 2012",text/plain,trees/21964.nex,
21965,,"Tupían: Campbell, Grondona 2012",text/plain,trees/21965.nex,
21966,,"Yaguan: Campbell, Grondona 2012",text/plain,trees/21966.nex,
21967,,"Yanomaman: Campbell, Grondona 2012",text/plain,trees/21967.nex,
21968,,"Zamucoan: Campbell, Grondona 2012",text/plain,trees/21968.nex,
21969,,"Zaparoan: Campbell, Grondona 2012",text/plain,trees/21969.nex,
21985,,Central Solomons: Ross 2001,text/plain,trees/21985.nex,
21986,,East New Britain: Ross 2001,text/plain,trees/21986.nex,
21987,,Kol: Ross 2001,text/plain,trees/21987.nex,
21989,,Kuot: Ross 2001,text/plain,trees/21989.nex,
21990,,North Bougainville: Ross 2001,text/plain,trees/21990.nex,
21991,,South Bougainville: Ross 2001,text/plain,trees/21991.nex,
21992,,Sulka: Ross 2001,text/plain,trees/21992.nex,
21993,,Yele-West New Britain: Ross 2001,text/plain,trees/21993.nex,
22005,,Niger-Congo: Wald 1994,text/plain,trees/22005.nex,
22025,,"Chadic, subtree of Afro-Asiatic: Wald 1994",text/plain,trees/22025.nex,
22026,,Khoisan: Wald 1994,text/plain,trees/22026.nex,
22045,,Trans New Guinea: Ross 2005,text/plain,trees/22045.nex,
22066,,Austronesian: Dunn 2007,text/plain,trees/22066.nex,
22067,,Papuan: Dunn 2007,text/plain,trees/22067.nex,
22068,,Busa Phylum: Loving 1964,text/plain,trees/22068.nex,
22069,,Green River: Loving 1964,text/plain,trees/22069.nex,
22070,,Kwomtari: Loving 1964,text/plain,trees/22070.nex,
22071,,Nagatman: Loving 1964,text/plain,trees/22071.nex,
22072,,"Ok, a subtree of Trans New Guinea: Loving 1964",text/plain,trees/22072.nex,
22073,,"Senagi, a subtree of Trans New Guinea: Loving 1964",text/plain,trees/22073.nex,
22074,,"Waris, subtree of Border: Loving 1964",text/plain,trees/22074.nex,
22075,,Yuri: Loving 1964,text/plain,trees/22075.nex,
22085,,"Tikuna-Yurí: Campbell, Grondona 2012",text/plain,trees/22085.nex,
22105,,Lower Sepik-Ramu: Foley 2005,text/plain,trees/22105.nex,
22108,,Sepik: Foley 2005,text/plain,trees/22108.nex,
22109,,Yuat: Foley 2005,text/plain,trees/22109.nex,
22126,,Austronesian (Sepik District)- Laycock 1973,text/plain,trees/22126.nex,
22128,,Sko: Laycock 1973,text/plain,trees/22128.nex,
22145,,Sepik-Ramu: Ross 2005,text/plain,trees/22145.nex,
22167,,Left May: Laycock 1973,text/plain,trees/22167.nex,
22185,,Kwomtari: Laycock 1973,text/plain,trees/22185.nex,
22189,,Alor-Pantar: Holton 2012,text/plain,trees/22189.nex,
22192,,Sepik-Ramu Phylum: Laycock 1973,text/plain,trees/22192.nex,
22195,,Trans-New Guinea (Sepik Region): Laycock 1973,text/plain,trees/22195.nex,
22565,,Amerind: Ruhlen 1991,text/plain,trees/22565.nex,
22586,,"Nubian, a subtree of Nilo-Saharan: Bechhaus-Geret 1989",text/plain,trees/22586.nex,
22609,,Nilo-Saharan: Ehret 1989,text/plain,trees/22609.nex,
22612,,"Pama-Nyungen: Bowern, Atkinson 2012",text/plain,trees/22612.nex,
22626,,West Papuan Phylum: Voorhoeve 1975,text/plain,trees/22626.nex,
22645,,"Trans-Fly Stock, a sub-tree of the Trans-New Guinea phylum: Wurm 1975",text/plain,trees/22645.nex,
22666,,Chukotko-Kamchatkan: Ethnologue 2013,text/plain,trees/22666.nex,
22667,,"Boran: Campbell, Grondona 2012",text/plain,trees/22667.nex,
22685,,"Takanan: Campbell, Grondona 2012",text/plain,trees/22685.nex,
22707,,Torricelli: Laycock 1973,text/plain,trees/22707.nex,
22710,,Uto-Aztecan: Campbell 1997,text/plain,trees/22710.nex,
22725,,Sepik-Ramu Phylum: Laycock and Z'graggen 1975,text/plain,trees/22725.nex,
22745,,"Ok group, a subtree of Trans New Guinea: Voorhoeve 2005",text/plain,trees/22745.nex,
22747,,"Asmat-Kamoro, a sub-tree of Trans New Guinea: Voorhoeve 2005",text/plain,trees/22747.nex,
22765,,Sepik Area Isolates: Laycock 1973,text/plain,trees/22765.nex,
22766,,"Finisterre-Huon Stock, a subtree of Trans-New Guinea: McElhanon 1975",text/plain,trees/22766.nex,
22785,,Proto-Highlands: Foley 1986,text/plain,trees/22785.nex,
22805,,Proto Ok-Oksapmin: Loughnane and Fedden 2011,text/plain,trees/22805.nex,
22825,,Chumashan: Ethnologue 2013,text/plain,trees/22825.nex,
22845,,"Solomon, subtree of Austronesian: Todd 1975",text/plain,trees/22845.nex,
22865,,East Papuan Phylum: Wurm 1975,text/plain,trees/22865.nex,
22985,,"Bantu, subtree of Niger-Congo: Guthrie 1948",text/plain,trees/22985.nex,
23065,,Nilo-Saharan: Bender 2000,text/plain,trees/23065.nex,
23085,,Irian Jaya Isolates: Voorhoeve 1975,text/plain,trees/23085.nex,
23105,,Wakashan: Ethnologue 2013,text/plain,trees/23105.nex,
23125,,Gulf District Isolates: Franklin 1975,text/plain,trees/23125.nex,
23145,,Niger-Saharan: Blench 1995,text/plain,trees/23145.nex,
23167,,"Afro-Asiatic: Greenberg 1950, 1955",text/plain,trees/23167.nex,
23168,,West Papuan Phylum: Capell 1975,text/plain,trees/23168.nex,
23186,,South-Eastern Trans-New Guinea Phylum Languages: Dutton 1975,text/plain,trees/23186.nex,
23226,,Sko Phylum: Baron 1983,text/plain,trees/23226.nex,
23238,,"Nilo-Saharan: Greenberg 1966, 1971",text/plain,trees/23238.nex,
23241,,Nilotic: Westermann 1912,text/plain,trees/23241.nex,
23269,,"Lolo-Burmese, subtree of Sino-Tibetan: Pieros 1997",text/plain,trees/23269.nex,
23285,,Formosan: Peiros 2008,text/plain,trees/23285.nex,
23305,,East Bird's Head: C.L. Voorhoeve 1975,text/plain,trees/23305.nex,
23325,,Geelvink Bay: C.L. Voorhoeve 1975,text/plain,trees/23325.nex,
23345,,South and Central New Guinea Phylum: Voorhoeve 1968,text/plain,trees/23345.nex,
23367,,"Semitic, subtree of Afro-Asiatic: Kitchen, Ehret, Assefa, and Mulligan 2009",text/plain,trees/23367.nex,
23385,,Witotoan: Ethnologue 2013,text/plain,trees/23385.nex,
23386,,"Formosan, subtree of Austronesian: Li 2006",text/plain,trees/23386.nex,
23446,,The Madang-Adelbert Range Sub-Phylum: Z'graggen 1975,text/plain,trees/23446.nex,
23465,,Tai-Kadai: Thurgood 1994,text/plain,trees/23465.nex,
23485,,Tai-Kadai as a subgroup of Austronesian: Sagart 2005,text/plain,trees/23485.nex,
23531,,Maipure: Gilij (in Campbell and Grondona 2012),text/plain,trees/23531.nex,
23548,,"Caribe: Gilij (in Campbell, Grondona 2012)",text/plain,trees/23548.nex,
23565,,"Prehistoric linguistic relationships of Tai-Kadai: Lee 2011, 2012",text/plain,trees/23565.nex,
23585,,Sáliva- Gilij (in Campbell and Grondona 2012),text/plain,trees/23585.nex,
23608,,East Central Trans-New Guinea Phylum: Wurm 1975,text/plain,trees/23608.nex,
23616,,Afro-Asiatic: Militarev 2005,text/plain,trees/23616.nex,
23617,,"Proto Post-Central Malayo-Polynesian, a subtree of Austronesian: Mills 1991",text/plain,trees/23617.nex,
23630,,Uto-Aztecan: Composite,text/plain,trees/23630.nex,
23658,,"Afrasian: Diakonoff 1996, 1998",text/plain,trees/23658.nex,
23659,,"Biu-Mandara, a subtree of Afro-Asiatic: Gravina 2009",text/plain,trees/23659.nex,
23937,,Afro-Asiatic: Blench 2006,text/plain,trees/23937.nex,
23958,,"Formosan, subtree of Austronesian: Li 2008",text/plain,trees/23958.nex,
23959,,"Sara-Bongo-Baguirmien, subtree of Nilo-Saharan: Boyeldieu 2006",text/plain,trees/23959.nex,
23977,,"Proto-Austronesian: Greenhill, Gray 2009",text/plain,trees/23977.nex,
23997,,Formosan subgroups of Austronesian: Blust 1996 and 1999,text/plain,trees/23997.nex,
24058,,South American Unclassified Languages: Campbell and Grondona 2012,text/plain,trees/24058.nex,
24060,,"Proto-Polynesian, a subtree of Austronesian: Pawley 1966, 1967",text/plain,trees/24060.nex,
24077,,Kra-Dai: Ostapirat 2005,text/plain,trees/24077.nex,
24099,,Proto-East Asian: Starosta 2005,text/plain,trees/24099.nex,
24117,,Proto-Polynesian: Marck 1999,text/plain,trees/24117.nex,
24119,,Afrasian: Fleming 2006,text/plain,trees/24119.nex,
24120,,Lisramic (Afroasiatic): Hodge 1976,text/plain,trees/24120.nex,
24121,,Afroasiatic: Ehret 2000,text/plain,trees/24121.nex,
24123,,The Relation of Be to Tai: Hansell 1988,text/plain,trees/24123.nex,
24125,,Niger-Congo: Greenberg 1955,text/plain,trees/24125.nex,
24138,,Fijian communalects: Geraghty 1983,text/plain,trees/24138.nex,
24157,,Proto-Polynesian: Elbert 1953,text/plain,trees/24157.nex,
24182,,Austronesian: Dyen 1965,text/plain,trees/24182.nex,
24183,,"Agaw, a subtree of Afroasiatic: Appleyard 2006",text/plain,trees/24183.nex,
24197,,"Lolo-Burmese, subtree of Sino-Tibetan: Matisoff 1972",text/plain,trees/24197.nex,
24198,,"Malayic, subtree of Austronesian: Ross 2004",text/plain,trees/24198.nex,
24218,,"Eastern Sudanic, a subtree of Nilo-Saharan: Greenberg 1955",text/plain,trees/24218.nex,
24256,,Hamito-Semitic: Orel and Stolbova 1995,text/plain,trees/24256.nex,
24275,,Languages of Andean Tribes: Loukotka 1968,text/plain,trees/24275.nex,
24279,,"Südnilotisch, a subtree of Nilo-Saharan: Rottland 1982",text/plain,trees/24279.nex,
24281,,Proto-Koiarian: Dutton 1994,text/plain,trees/24281.nex,
24282,,Proto-South-Sulawesi: Adelaar 1994,text/plain,trees/24282.nex,
24297,,"Polynesian, a subtree of Austronesian: Wilson 1985",text/plain,trees/24297.nex,
24329,,"Oceanic, subtree of Austronesian: Ross 1988",text/plain,trees/24329.nex,
24337,,Proto-Oceanic: Holzknecht 1994,text/plain,trees/24337.nex,
24342,,Gur: Swadesh et al. 1966,text/plain,trees/24342.nex,
24343,,Guadalcanal-Nggelic: Pawley 2011,text/plain,trees/24343.nex,
24344,,Muna-Buton: Donohue 2004,text/plain,trees/24344.nex,
24357,,Proto-Austronesian: Sagart 2004,text/plain,trees/24357.nex,
24360,,"Southeast Solomonic, a subtree of Oceanic: Lynch, Ross, Crowley 2002",text/plain,trees/24360.nex,
24362,,"Micronesian, a subtree of Oceanic: Lynch, Ross, Crowley 2002",text/plain,trees/24362.nex,
24377,,Formosan: Starosta 2005,text/plain,trees/24377.nex,
24398,,"Lowland East Cushitic, a subtree of Afroasiatic: Black 1974",text/plain,trees/24398.nex,
24420,,Oceanic Pidgins and Creoles: Wurm 1971,text/plain,trees/24420.nex,
24438,,Cristobal-Malaitan: Lichtenberk 1988,text/plain,trees/24438.nex,
24442,,Polynesian: Biggs 1971,text/plain,trees/24442.nex,
24444,,Proto-Eastern Oceanic: Green 1966,text/plain,trees/24444.nex,
24450,,Cordilleran: Reid 1994,text/plain,trees/24450.nex,
24458,,Gur: Köhler 1952,text/plain,trees/24458.nex,
24460,,Proto-Formosan: Dyen 2006,text/plain,trees/24460.nex,
24461,,South Nostratic: Blazek 1999,text/plain,trees/24461.nex,
24462,,Miao-Dai: Kosaka 2002,text/plain,trees/24462.nex,
24463,,"Northern New Caledonian, subtree of Austronesian: Ozanne-Rivierre 1995",text/plain,trees/24463.nex,
24477,,Proto-Austronesian-Ongan: Blevins 2007,text/plain,trees/24477.nex,
24511,,"Semitic, a subtree of Afro-Asiatic: Lipinski 1997",text/plain,trees/24511.nex,
24512,,Micronesian: Bender 1971,text/plain,trees/24512.nex,
24513,,"Sino-Tibetan-Austronesian: Sagart 2002, 2005",text/plain,trees/24513.nex,
24514,,Sino-Bodic: van Driem 1997,text/plain,trees/24514.nex,
24517,,"Austronesian Languages of Taiwan and Orchid Island, subtree of Austronesian: Tsuchida 2009",text/plain,trees/24517.nex,
24537,,Austronesian: Ross 2009,text/plain,trees/24537.nex,
24565,,"Philippine: Thomas, Healey 1962",text/plain,trees/24565.nex,
24579,,Langues Afro-Asiatiques: Delafosse 1914,text/plain,trees/24579.nex,
24597,,Kadai: Solnit 1988,text/plain,trees/24597.nex,
24598,,"Mandé-sud, subtree of Niger-Congo: Prost 1953",text/plain,trees/24598.nex,
24599,,Tai-Kadai: Ferlus 1996,text/plain,trees/24599.nex,
24617,,Kadai: Thurgood 1988,text/plain,trees/24617.nex,
24650,,Portuguese-Spanish-based Pidgins and Creoles: Whinnom 1956,text/plain,trees/24650.nex,
24659,,Formosan: Dyen 1971,text/plain,trees/24659.nex,
24678,,Ethiosemitic: Bender 1971,text/plain,trees/24678.nex,
24679,,"Akoko area languages, a subtree of Niger-Congo: Ohiri-Aniche 1999",text/plain,trees/24679.nex,
24698,,Nilo-Saharan: Bender 1971,text/plain,trees/24698.nex,
24699,,Kadai: Kosaka 2000,text/plain,trees/24699.nex,
24703,,Atlantisch: Köhler 1965,text/plain,trees/24703.nex,
24704,,"Kam-Tai, subtree of Tai-Kadai: Theraphan 1992",text/plain,trees/24704.nex,
24705,,Omotic: Bender 1971,text/plain,trees/24705.nex,
24706,,African Language Isolates: Brenzinger 2008,text/plain,trees/24706.nex,
24707,,Khoeid: Brenzinger 2008,text/plain,trees/24707.nex,
24709,,Kx'a: Brenzinger 2008,text/plain,trees/24709.nex,
24711,,Tuu-Ui: Brenzinger 2008,text/plain,trees/24711.nex,
24727,,"Omotic, a subtree of Afroasiatic: Bender 2003",text/plain,trees/24727.nex,
24728,,Cushitic: Bender 1971,text/plain,trees/24728.nex,
24740,,Austronesian: Ross 1994,text/plain,trees/24740.nex,
24757,,Yukaghir: Ethnologue 2013,text/plain,trees/24757.nex,
24758,,Yeniseian: Ethnologue 2013,text/plain,trees/24758.nex,
24778,,Skou: Ethnologue 2013,text/plain,trees/24778.nex,
24821,,North Caucasian: Ethnologue 2013,text/plain,trees/24821.nex,
24822,,Kartvelian: Ethnologue 2013,text/plain,trees/24822.nex,
24837,,"Micronesian, a subtree of Austronesian: Jackson 1983",text/plain,trees/24837.nex,
24838,,Kadai: Haudricourt 1967,text/plain,trees/24838.nex,
25040,,Altaic: Ethnologue 2013,text/plain,trees/25040.nex,
25041,,Nilotiche: Rossini 1926,text/plain,trees/25041.nex,
25058,,"Tai, subtree of Tai-Kadai: Li 1960, 1977",text/plain,trees/25058.nex,
25059,,"Oceanic, subtree of Austronesian: Ross 1992",text/plain,trees/25059.nex,
25060,,Eastern Oceanic: Pawley 1972,text/plain,trees/25060.nex,
25078,,"New Hebrides, subtree of Austronesian: Tryon 1976",text/plain,trees/25078.nex,
25097,,Tropisch Nederland: Esser 1938,text/plain,trees/25097.nex,
25157,,Niger-Kordofanian: Ruhlen 1991,text/plain,trees/25157.nex,
25197,,Pama-Nyungan: Composite,text/plain,trees/25197.nex,
25217,,Darwin region: Composite,text/plain,trees/25217.nex,
25237,,Giimbiyu: Composite,text/plain,trees/25237.nex,
25239,,Djeragan: Composite,text/plain,trees/25239.nex,
25257,,Hmong-Mien: Strecker 1987,text/plain,trees/25257.nex,
25279,,Kong-Saharan: Gregersen 1972,text/plain,trees/25279.nex,
25291,,"Tibeto-Burman, subtree of Sino-Tibetan: STEDT project - Namkung, ed 1996 and Matisoff 2003",text/plain,trees/25291.nex,
25297,,"Western Hmongic, subtree of Hmong-Mien: Mortensen 2004",text/plain,trees/25297.nex,
25318,,Austric: Peiros 1998,text/plain,trees/25318.nex,
25319,,Uralic: Ethnologue 2013,text/plain,trees/25319.nex,
25357,,Bantoid: Köhler 1970,text/plain,trees/25357.nex,
25377,,Sino-Tibetan: Peiros 1998,text/plain,trees/25377.nex,
25378,,Kra-Dai: Norquest 2007,text/plain,trees/25378.nex,
25397,,"Tibeto-Burman, subtree of Sino-Tibetan: Sun 1999",text/plain,trees/25397.nex,
25398,,"Siamese-Chinese family, subtree of Indo-Chinese: Grierson 1904",text/plain,trees/25398.nex,
25417,,"Hmong dialects, subtree of Hmong-Mien: Castro & Gu 2010",text/plain,trees/25417.nex,
25438,,Hmong-Mien: Matisoff 2006,text/plain,trees/25438.nex,
25457,,Austroasiatic: Matisoff 2006,text/plain,trees/25457.nex,
25458,,Sino-Tibetan: Matisoff 2006,text/plain,trees/25458.nex,
25459,,Miao-Yao: Downer 1991,text/plain,trees/25459.nex,
25467,,Uralic (Finno-Ugrian): Salminen 1994,text/plain,trees/25467.nex,
25477,,Lislakh: Hodge 1991,text/plain,trees/25477.nex,
25478,,Eurasiatic: Greenberg 1991,text/plain,trees/25478.nex,
25518,,"Tibeto-Burman, subtree of Sino-Tibetan: Bradley 1997",text/plain,trees/25518.nex,
25537,,Austric: Egerod 1991,text/plain,trees/25537.nex,
25538,,Sino-Tibetan: Egerod 1991,text/plain,trees/25538.nex,
25557,,Miao-Yao: Purnell 1970,text/plain,trees/25557.nex,
25578,,"Western Miao dialects, subtree of Hmong-Mien: Castro, Flaming & Luo 2012",text/plain,trees/25578.nex,
25597,,Hmong-Mien: Composite,text/plain,trees/25597.nex,
25617,,Tai-Kadai: Matisoff 2006,text/plain,trees/25617.nex,
25637,,"Kadai: Edmondson, Solnit 1997",text/plain,trees/25637.nex,
25682,,"Dene-Caucasian: Starostin, Ruhlen 1994",text/plain,trees/25682.nex,
25697,,"Proto Central Pacific, a subtree of Austronesian: Pawley 1996",text/plain,trees/25697.nex,
25720,,Ubangian: Köhler 1952,text/plain,trees/25720.nex,
25737,,"Polynesian, a subtree of Austronesian: Langdon and Tryon 1983",text/plain,trees/25737.nex,
25780,,Yeniseian: Starostin 1998,text/plain,trees/25780.nex,
25854,,"Nostratic Macrofamily: Dolgopolsky 1991, 1998",text/plain,trees/25854.nex,
25857,,"New Hebrides, subtree of Austronesian: Tryon 1973",text/plain,trees/25857.nex,
25880,,"Northern Samoyedic, subtree of Uralic: Helimski 1990",text/plain,trees/25880.nex,
25904,,Afro-Asiatic Family: Blench 1999,text/plain,trees/25904.nex,
25917,,"South Hebrides, a subtree of Austronesian: Lynch 1978",text/plain,trees/25917.nex,
26013,,Uralic: Salminen 2007,text/plain,trees/26013.nex,
26017,,"Greater Central Philippines, subtree of Austronesian: Blust 1991",text/plain,trees/26017.nex,
26038,,Kwa-Sprachen: Köhler 1975,text/plain,trees/26038.nex,
26057,,"Hmong-Mien: Ratliff 2010, Taguchi 2013",text/plain,trees/26057.nex,
26078,,Fijian dialects: Pawley and Sayaba 1971,text/plain,trees/26078.nex,
26098,,Kuschitisch: Köhler 1975,text/plain,trees/26098.nex,
26142,,Sino-Caucasian: Nikolaev 1991,text/plain,trees/26142.nex,
26157,,North and Central Vanuatu: Clark 1985,text/plain,trees/26157.nex,
26158,,"Southern Oceanic: Lynch 1999, 2000",text/plain,trees/26158.nex,
26159,,"Southern Oceanic, a subtree of Oceanic: Lynch, Ross, Crowley 2002",text/plain,trees/26159.nex,
26160,,Southeast Solomonic: Levy 1980,text/plain,trees/26160.nex,
26162,,Sino-Caucasian Macrophylum: Bengtson 1991,text/plain,trees/26162.nex,
26177,,Caucasian: Catford 1991,text/plain,trees/26177.nex,
26237,,"Sino-Caucasian: Starostin 1982, 1984",text/plain,trees/26237.nex,
26258,,Mande: Delafosse 1901,text/plain,trees/26258.nex,
26277,,"West-Rift Southern Cushitic, a subtree of Afro-Asiatic: Kießling and Mous 2003",text/plain,trees/26277.nex,
26278,,Kra-Dai: Ostapirat 1999,text/plain,trees/26278.nex,
26297,,Amerind: Ruhlen 1991A,text/plain,trees/26297.nex,
26317,,Енисейские языки:  Вернер 1997,text/plain,trees/26317.nex,
26339,,"Bantu, subtree of Niger-Congo: Köhler 1975",text/plain,trees/26339.nex,
26357,,"Mon-Khmer, subtree of Austro-Asiatic: Cooper and Sidwell 2007",text/plain,trees/26357.nex,
26358,,Sino-Tibetan: Bradley 2007,text/plain,trees/26358.nex,
26379,,Atlantic: Köhler according to Sapir 1975,text/plain,trees/26379.nex,
26380,,"Indo-Hittite: Hamp 1989, Adams and Hamp 2013",text/plain,trees/26380.nex,
26402,,"Proto Otomanguean: Rensch 1976, 1977",text/plain,trees/26402.nex,
26417,,"Sal languages, subtree of Tibeto-Burman: Burling 1983",text/plain,trees/26417.nex,
26458,,"Proto-Popotecan, subtree of Otomanguean: Gudschinsky 1958",text/plain,trees/26458.nex,
26483,,Eskimo-Aleut: Ruhlen 1991,text/plain,trees/26483.nex,
26565,,"Ural-Altaic: Voegelin, Voegelin 1977",text/plain,trees/26565.nex,
26566,,Asian Language Isolates: Ethnologue 2005,text/plain,trees/26566.nex,
26569,,Korean: Composite,text/plain,trees/26569.nex,
26573,,Kaweskaran: Composite,text/plain,trees/26573.nex,
26581,,Trans-New Guinea: Composite,text/plain,trees/26581.nex,
26582,,Dravidian: Composite,text/plain,trees/26582.nex,
26584,,Austro-Asiatic: Composite,text/plain,trees/26584.nex,
26585,,Tai-Kadai: Composite,text/plain,trees/26585.nex,
26588,,Yanomaman: Composite,text/plain,trees/26588.nex,
26590,,Pacific Pidgins and Creoles: Composite,text/plain,trees/26590.nex,
26592,,North American Deaf Sign Languages: Composite,text/plain,trees/26592.nex,
26593,,Oto-Manguean: Composite,text/plain,trees/26593.nex,
26595,,Tuu: Composite,text/plain,trees/26595.nex,
26596,,South American Isolates: Composite,text/plain,trees/26596.nex,
26598,,Australian Sign Language: Composite,text/plain,trees/26598.nex,
26599,,Pacific Deaf Sign Languages: Composite,text/plain,trees/26599.nex,
